id,title,jenis,nomor,tahun,status,dicabut_oleh
D0000,"Peraturan Menteri Hak Asasi Manusia Nomor 6 Tahun 2025,""PERATURAN MENTERI",PERATURAN MENTERI,6,2025,Berlaku,
D0001,"Peraturan Menteri Desa dan Pembangunan Daerah Tertinggal Nomor 2 Tahun 2025,""PERATURAN MENTERI",PERATURAN MENTERI,2,2025,Berlaku,
D0002,"Peraturan Menteri Koordinator Bidang Hukum, Hak Asasi Manusia, Imigrasi, dan Pemasyarakatan Nomor 1 Tahun 2025,""PERATURAN MENTERI",PERATURAN MENTERI,1,2025,Berlaku,
D0003,"Peraturan Menteri Desa dan Pembangunan Daerah Tertinggal Nomor 8 Tahun 2025,""PERATURAN MENTERI",PERATURAN MENTERI,8,2025,Berlaku,
D0004,"Peraturan Menteri Perdagangan Nomor 7 Tahun 2025,""PERATURAN MENTERI",PERATURAN MENTERI,7,2025,Berlaku,
D0005,"Peraturan Menteri Keuangan Nomor 57 Tahun 2025,""PERATURAN MENTERI",PERATURAN MENTERI,57,2025,Berlaku,
D0006,"Peraturan Arsip Nasional Nomor 4 Tahun 2025,""PERATURAN BADAN/LEMBAGA",PERATURAN BADAN/LEMBAGA,4,2025,Berlaku,
D0007,"Peraturan Perpustakaan Nasional Nomor 2 Tahun 2025,""PERATURAN BADAN/LEMBAGA",PERATURAN BADAN/LEMBAGA,2,2025,Berlaku,
D0008,"Peraturan Badan Siber dan Sandi Negara Nomor 4 Tahun 2025,""PERATURAN BADAN/LEMBAGA",PERATURAN BADAN/LEMBAGA,4,2025,Berlaku,
D0009,"Peraturan Arsip Nasional Nomor 1 Tahun 2025,""PERATURAN BADAN/LEMBAGA",PERATURAN BADAN/LEMBAGA,1,2025,Berlaku,
D0010,"Peraturan Arsip Nasional Nomor 5 Tahun 2025,""PERATURAN BADAN/LEMBAGA",PERATURAN BADAN/LEMBAGA,5,2025,Berlaku,
D0011,"Peraturan Badan Siber dan Sandi Negara Nomor 3 Tahun 2025,""PERATURAN BADAN/LEMBAGA",PERATURAN BADAN/LEMBAGA,3,2025,Berlaku,
D0012,"Peraturan Arsip Nasional Nomor 2 Tahun 2025,""PERATURAN BADAN/LEMBAGA",PERATURAN BADAN/LEMBAGA,2,2025,Berlaku,
D0013,"Peraturan Menteri Pemuda dan Olahraga Nomor 16 Tahun 2024,""PERATURAN MENTERI",PERATURAN MENTERI,16,2024,Berlaku,
D0014,"Peraturan Menteri Koordinator Bidang Politik, Hukum, Dan Keamanan Nomor 1 Tahun 2024,""PERATURAN MENTERI",PERATURAN MENTERI,1,2024,Berlaku,
D0015,"Peraturan Menteri Koordinator Bidang Politik, Hukum, Dan Keamanan Nomor 3 Tahun 2024,""PERATURAN MENTERI",PERATURAN MENTERI,3,2024,Berlaku,
D0016,"Peraturan Menteri Pariwisata dan Ekonomi Kreatif Nomor 5 Tahun 2024,""PERATURAN MENTERI",PERATURAN MENTERI,5,2024,Berlaku,
D0017,"Peraturan Menteri Transmigrasi Nomor 4 Tahun 2024,""PERATURAN MENTERI",PERATURAN MENTERI,4,2024,Berlaku,
D0018,"Peraturan Menteri Koordinator Bidang Politik, Hukum, Dan Keamanan Nomor 2 Tahun 2024,""PERATURAN MENTERI",PERATURAN MENTERI,2,2024,Berlaku,
D0019,"Peraturan Menteri Sekretariat Negara Nomor 5 Tahun 2024,""PERATURAN MENTERI",PERATURAN MENTERI,5,2024,Berlaku,
D0020,"Peraturan Menteri Kesehatan Nomor 4 Tahun 2024,""PERATURAN MENTERI",PERATURAN MENTERI,4,2024,Berlaku,
D0021,"Peraturan Arsip Nasional Nomor 3 Tahun 2024,""PERATURAN BADAN/LEMBAGA",PERATURAN BADAN/LEMBAGA,3,2024,Berlaku,
D0022,"Peraturan Badan Standardisasi Nasional Nomor 1 Tahun 2024,""PERATURAN BADAN/LEMBAGA",PERATURAN BADAN/LEMBAGA,1,2024,Berlaku,
D0023,"Peraturan Arsip Nasional Nomor 2 Tahun 2024,""PERATURAN BADAN/LEMBAGA",PERATURAN BADAN/LEMBAGA,2,2024,Berlaku,
D0024,"Peraturan Perpustakaan Nasional Nomor 17 Tahun 2024,""PERATURAN BADAN/LEMBAGA",PERATURAN BADAN/LEMBAGA,17,2024,Berlaku,
D0025,"Peraturan Kepala Badan Pusat Statistik Nomor 1 Tahun 2024,""PERATURAN BADAN/LEMBAGA",PERATURAN BADAN/LEMBAGA,1,2024,Berlaku,
D0026,"Peraturan Badan Kepegawaian Negara Nomor 6 Tahun 2024,""PERATURAN BADAN/LEMBAGA",PERATURAN BADAN/LEMBAGA,6,2024,Berlaku,
D0027,"Peraturan Badan Pangan Nasional Nomor 3 Tahun 2024,""PERATURAN BADAN/LEMBAGA",PERATURAN BADAN/LEMBAGA,3,2024,Berlaku,
D0028,"Peraturan Daerah Kota Semarang Nomor 6 Tahun 2024,""PERATURAN DAERAH",PERATURAN DAERAH,6,2024,Berlaku,
D0029,"Peraturan Daerah Provinsi Lampung Nomor 2 Tahun 2024,""PERATURAN DAERAH",PERATURAN DAERAH,2,2024,Berlaku,
D0030,"Peraturan Presiden Nomor 23 Tahun 2023,""PERATURAN PRESIDEN",PERATURAN PRESIDEN,23,2023,Berlaku,
D0031,"Peraturan Menteri Koordinator Bidang Pembangunan Manusia dan Kebudayaan Nomor 2 Tahun 2023,""PERATURAN MENTERI",PERATURAN MENTERI,2,2023,Berlaku,
D0032,"Peraturan Menteri Koperasi, Usaha Kecil dan Menengah  Nomor 11 Tahun 2023,""PERATURAN MENTERI",PERATURAN MENTERI,11,2023,Berlaku,
D0033,"Peraturan Menteri Luar Negeri Nomor 6 Tahun 2023,""PERATURAN MENTERI",PERATURAN MENTERI,6,2023,Berlaku,
D0034,"Peraturan Menteri Koordinator Bidang Pembangunan Manusia dan Kebudayaan Nomor 4 Tahun 2023,""PERATURAN MENTERI",PERATURAN MENTERI,4,2023,Berlaku,
D0035,"Peraturan Menteri Koordinator Bidang Pembangunan Manusia dan Kebudayaan Nomor 3 Tahun 2023,""PERATURAN MENTERI",PERATURAN MENTERI,3,2023,Berlaku,
D0036,"Peraturan Arsip Nasional Nomor 1 Tahun 2023,""PERATURAN BADAN/LEMBAGA",PERATURAN BADAN/LEMBAGA,1,2023,Berlaku,
D0037,"Peraturan Komisi Pemilihan Umum Nomor 17 Tahun 2023,""PERATURAN BADAN/LEMBAGA",PERATURAN BADAN/LEMBAGA,17,2023,Berlaku,
D0038,"Peraturan Badan Nasional Pengelola Perbatasan Nomor 1 Tahun 2023,""PERATURAN BADAN/LEMBAGA",PERATURAN BADAN/LEMBAGA,1,2023,Berlaku,
D0039,"Peraturan Daerah Kabupaten Padang Pariaman Nomor 1 Tahun 2023,""PERATURAN DAERAH",PERATURAN DAERAH,1,2023,Berlaku,
D0040,"Peraturan Daerah Provinsi Jambi Nomor 8 Tahun 2023,""PERATURAN DAERAH",PERATURAN DAERAH,8,2023,Berlaku,
D0041,"Peraturan Daerah Kabupaten Pamekasan Nomor 1 Tahun 2023,""PERATURAN DAERAH",PERATURAN DAERAH,1,2023,Berlaku,
D0042,"Peraturan Badan Pengawas Obat dan Makanan Nomor 6 Tahun 2023,""PERATURAN BADAN/LEMBAGA",PERATURAN BADAN/LEMBAGA,6,2023,Berlaku,
D0043,"Peraturan Menteri Koordinator Bidang Kemaritiman dan Investasi  Nomor 1 Tahun 2022,""PERATURAN MENTERI",PERATURAN MENTERI,1,2022,Berlaku,
D0044,"Peraturan Menteri Sosial Nomor 5 Tahun 2022,""PERATURAN MENTERI",PERATURAN MENTERI,5,2022,Berlaku,
D0045,"Peraturan Menteri Koordinator Bidang Kemaritiman dan Investasi  Nomor 2 Tahun 2022,""PERATURAN MENTERI",PERATURAN MENTERI,2,2022,Berlaku,
D0046,"Peraturan Menteri Luar Negeri Nomor 3 Tahun 2022,""PERATURAN MENTERI",PERATURAN MENTERI,3,2022,Berlaku,
D0047,"Peraturan Menteri Pendidikan, Kebudayaan, Riset, dan Teknologi Nomor 20 Tahun 2022,""PERATURAN MENTERI",PERATURAN MENTERI,20,2022,Berlaku,
D0048,"Peraturan Menteri Luar Negeri Nomor 12 Tahun 2022,""PERATURAN MENTERI",PERATURAN MENTERI,12,2022,Berlaku,
D0049,"Peraturan Menteri Luar Negeri Nomor 4 Tahun 2022,""PERATURAN MENTERI",PERATURAN MENTERI,4,2022,Berlaku,
D0050,"Peraturan Menteri Dalam Negeri Nomor 83 Tahun 2022,""PERATURAN MENTERI",PERATURAN MENTERI,83,2022,Berlaku,
D0051,"Peraturan Menteri Koperasi dan UKM Nomor 12 Tahun 2022,""PERATURAN MENTERI",PERATURAN MENTERI,12,2022,Berlaku,
D0052,"Peraturan Menteri Perindustrian Nomor 48 Tahun 2022,""PERATURAN MENTERI",PERATURAN MENTERI,48,2022,Berlaku,
D0053,"Peraturan Menteri Desa, Pembangunan Daerah Tertinggal, dan Transmigrasi Nomor 1 Tahun 2022,""PERATURAN MENTERI",PERATURAN MENTERI,1,2022,Berlaku,
D0054,"Peraturan Menteri Perdagangan Nomor 54 Tahun 2022,""PERATURAN MENTERI",PERATURAN MENTERI,54,2022,Berlaku,
D0055,"Peraturan Menteri Keuangan Nomor 152/PMK.01/2022  Tahun 2022,""PERATURAN MENTERI",PERATURAN MENTERI,152/PMK.01/2022,2022,Berlaku,
D0056,"Peraturan Menteri Hukum dan Hak Asasi Manusia Nomor 5 Tahun 2022,""PERATURAN MENTERI",PERATURAN MENTERI,5,2022,Berlaku,
D0057,"Peraturan Menteri Koperasi dan UKM Nomor 13 Tahun 2022,""PERATURAN MENTERI",PERATURAN MENTERI,13,2022,Berlaku,
D0058,"Peraturan Menteri Perdagangan Nomor 48 Tahun 2022,""PERATURAN MENTERI",PERATURAN MENTERI,48,2022,Berlaku,
D0059,"Peraturan Arsip Nasional Nomor 11 Tahun 2022,""PERATURAN BADAN/LEMBAGA",PERATURAN BADAN/LEMBAGA,11,2022,Berlaku,
D0060,"Peraturan Badan Pengawas Tenaga Nuklir Nomor 7 Tahun 2022,""PERATURAN BADAN/LEMBAGA",PERATURAN BADAN/LEMBAGA,7,2022,Berlaku,
D0061,"Peraturan Kejaksaan Agung Nomor 7 Tahun 2022,""PERATURAN BADAN/LEMBAGA",PERATURAN BADAN/LEMBAGA,7,2022,Berlaku,
D0062,"Peraturan Arsip Nasional Nomor 6 Tahun 2022,""PERATURAN BADAN/LEMBAGA",PERATURAN BADAN/LEMBAGA,6,2022,Berlaku,
D0063,"Peraturan Kejaksaan Agung Nomor 9 Tahun 2022,""PERATURAN BADAN/LEMBAGA",PERATURAN BADAN/LEMBAGA,9,2022,Berlaku,
D0064,"Peraturan Arsip Nasional Nomor 8 Tahun 2022,""PERATURAN BADAN/LEMBAGA",PERATURAN BADAN/LEMBAGA,8,2022,Berlaku,
D0065,"Peraturan Badan Narkotika Nasional Nomor 9 Tahun 2022,""PERATURAN BADAN/LEMBAGA",PERATURAN BADAN/LEMBAGA,9,2022,Berlaku,
D0066,"Peraturan Badan Pengawas Obat dan Makanan Nomor 35 Tahun 2022,""PERATURAN BADAN/LEMBAGA",PERATURAN BADAN/LEMBAGA,35,2022,Berlaku,
D0067,"Peraturan Badan Kepegawaian Negara Nomor 1 Tahun 2022,""PERATURAN BADAN/LEMBAGA",PERATURAN BADAN/LEMBAGA,1,2022,Berlaku,
D0068,"Peraturan Badan Inteligen Negara Nomor 02 Tahun 2022,""PERATURAN BADAN/LEMBAGA",PERATURAN BADAN/LEMBAGA,02,2022,Berlaku,
D0069,"Peraturan Badan Pangan Nasional Nomor 9 Tahun 2022,""PERATURAN BADAN/LEMBAGA",PERATURAN BADAN/LEMBAGA,9,2022,Berlaku,
D0070,"Peraturan Badan Pelindungan Pekerja Migran Indonesia Nomor 4 Tahun 2022,""PERATURAN BADAN/LEMBAGA",PERATURAN BADAN/LEMBAGA,4,2022,Berlaku,
D0071,"Peraturan Kejaksaan Agung Nomor 8 Tahun 2022,""PERATURAN BADAN/LEMBAGA",PERATURAN BADAN/LEMBAGA,8,2022,Berlaku,
D0072,"Peraturan Arsip Nasional Nomor 9 Tahun 2022,""PERATURAN BADAN/LEMBAGA",PERATURAN BADAN/LEMBAGA,9,2022,Berlaku,
D0073,"Peraturan Badan Pelindungan Pekerja Migran Indonesia Nomor 2 Tahun 2022,""PERATURAN BADAN/LEMBAGA",PERATURAN BADAN/LEMBAGA,2,2022,Berlaku,
D0074,"Peraturan Badan Meteorologi,Klimatologi,dan Geofisika Nomor 13 Tahun 2022,""PERATURAN BADAN/LEMBAGA",PERATURAN BADAN/LEMBAGA,13,2022,Berlaku,
D0075,"Peraturan Komisi Pengawas Persaingan Usaha Nomor 8 Tahun 2022,""PERATURAN BADAN/LEMBAGA",PERATURAN BADAN/LEMBAGA,8,2022,Berlaku,
D0076,"Peraturan Badan Meteorologi,Klimatologi,dan Geofisika Nomor 7 Tahun 2022,""PERATURAN BADAN/LEMBAGA",PERATURAN BADAN/LEMBAGA,7,2022,Berlaku,
D0077,"Peraturan Badan Pelindungan Pekerja Migran Indonesia Nomor 3 Tahun 2022,""PERATURAN BADAN/LEMBAGA",PERATURAN BADAN/LEMBAGA,3,2022,Berlaku,
D0078,"Peraturan Daerah Kabupaten Brebes Nomor 9 Tahun 2022,""PERATURAN DAERAH",PERATURAN DAERAH,9,2022,Berlaku,
D0079,"Peraturan Menteri Koperasi dan UKM Nomor 7 Tahun 2021,""PERATURAN MENTERI",PERATURAN MENTERI,7,2021,Berlaku,
D0080,"Peraturan Menteri Pekerjaan Umum dan Perumahan Rakyat Nomor 27 Tahun 2021,""PERATURAN MENTERI",PERATURAN MENTERI,27,2021,Berlaku,
D0081,"Peraturan Menteri Desa, Pembangunan Daerah Tertinggal, dan Transmigrasi Nomor 14 Tahun 2021,""PERATURAN MENTERI",PERATURAN MENTERI,14,2021,Berlaku,
D0082,"Peraturan Menteri Desa, Pembangunan Daerah Tertinggal, dan Transmigrasi Nomor 10 Tahun 2021,""PERATURAN MENTERI",PERATURAN MENTERI,10,2021,Berlaku,
D0083,"Peraturan Menteri Desa, Pembangunan Daerah Tertinggal, dan Transmigrasi Nomor 13 Tahun 2021,""PERATURAN MENTERI",PERATURAN MENTERI,13,2021,Berlaku,
D0084,"Peraturan Menteri Koordinator Bidang Kemaritiman dan Investasi  Nomor 3 Tahun 2021,""PERATURAN MENTERI",PERATURAN MENTERI,3,2021,Berlaku,
D0085,"Peraturan Menteri Pertahanan Nomor 15 Tahun 2021,""PERATURAN MENTERI",PERATURAN MENTERI,15,2021,Berlaku,
D0086,"Peraturan Menteri Kelautan dan Perikanan Nomor 8 Tahun 2021,""PERATURAN MENTERI",PERATURAN MENTERI,8,2021,Berlaku,
D0087,"Peraturan Menteri Pekerjaan Umum dan Perumahan Rakyat Nomor 26 Tahun 2021,""PERATURAN MENTERI",PERATURAN MENTERI,26,2021,Berlaku,
D0088,"Peraturan Menteri Kelautan dan Perikanan Nomor 9 Tahun 2021,""PERATURAN MENTERI",PERATURAN MENTERI,9,2021,Berlaku,
D0089,"Peraturan Menteri Ketenagakerjaan Nomor 26 Tahun 2021,""PERATURAN MENTERI",PERATURAN MENTERI,26,2021,Berlaku,
D0090,"Peraturan Menteri Pemberdayaan Perempuan dan Perlindungan Anak Nomor 10 Tahun 2021,""PERATURAN MENTERI",PERATURAN MENTERI,10,2021,Berlaku,
D0091,"Peraturan Badan Pengawas Tenaga Nuklir Nomor 6 Tahun 2021,""PERATURAN BADAN/LEMBAGA",PERATURAN BADAN/LEMBAGA,6,2021,Berlaku,
D0092,"Peraturan Badan Nasional Pencarian dan Pertolongan Nomor 6 Tahun 2021,""PERATURAN BADAN/LEMBAGA",PERATURAN BADAN/LEMBAGA,6,2021,Berlaku,
D0093,"Peraturan Badan Amil Zakat Nasional Nomor 1 Tahun 2021,""PERATURAN BADAN/LEMBAGA",PERATURAN BADAN/LEMBAGA,1,2021,Berlaku,
D0094,"Peraturan Arsip Nasional Nomor 6 Tahun 2021,""PERATURAN BADAN/LEMBAGA",PERATURAN BADAN/LEMBAGA,6,2021,Berlaku,
D0095,"Peraturan Arsip Nasional Nomor 20 Tahun 2021,""PERATURAN BADAN/LEMBAGA",PERATURAN BADAN/LEMBAGA,20,2021,Berlaku,
D0096,"Peraturan Komisi Pemilihan Umum Nomor 8 Tahun 2021,""PERATURAN BADAN/LEMBAGA",PERATURAN BADAN/LEMBAGA,8,2021,Berlaku,
D0097,"Peraturan Komisi Pemilihan Umum Nomor 7 Tahun 2021,""PERATURAN BADAN/LEMBAGA",PERATURAN BADAN/LEMBAGA,7,2021,Berlaku,
D0098,"Peraturan Arsip Nasional Nomor 4 Tahun 2021,""PERATURAN BADAN/LEMBAGA",PERATURAN BADAN/LEMBAGA,4,2021,Berlaku,
D0099,"Peraturan Badan Keamanan Laut Nomor 27 Tahun 2021,""PERATURAN BADAN/LEMBAGA",PERATURAN BADAN/LEMBAGA,27,2021,Berlaku,
D0100,"Peraturan Perpustakaan Nasional Nomor 15 Tahun 2021,""PERATURAN BADAN/LEMBAGA",PERATURAN BADAN/LEMBAGA,15,2021,Berlaku,
D0101,"Peraturan Arsip Nasional Nomor 5 Tahun 2021,""PERATURAN BADAN/LEMBAGA",PERATURAN BADAN/LEMBAGA,5,2021,Berlaku,
D0102,"Peraturan Perpustakaan Nasional Nomor 14 Tahun 2021,""PERATURAN BADAN/LEMBAGA",PERATURAN BADAN/LEMBAGA,14,2021,Berlaku,
D0103,"Peraturan Komisi Nasional Hak Asasi Manusia Nomor 6 Tahun 2021,""PERATURAN BADAN/LEMBAGA",PERATURAN BADAN/LEMBAGA,6,2021,Berlaku,
D0104,"Peraturan Badan Nasional Penanggulangan Bencana Nomor 1 Tahun 2021,""PERATURAN BADAN/LEMBAGA",PERATURAN BADAN/LEMBAGA,1,2021,Berlaku,
D0105,"Peraturan Daerah Kabupaten Bondowoso Nomor 2 Tahun 2021,""PERATURAN DAERAH",PERATURAN DAERAH,2,2021,Berlaku,
D0106,"Peraturan Daerah Kota Depok Nomor 1 Tahun 2021,""PERATURAN DAERAH",PERATURAN DAERAH,1,2021,Berlaku,
D0107,"Peraturan Menteri Energi Dan Sumber Daya Mineral Nomor 2 Tahun 2020,""PERATURAN MENTERI",PERATURAN MENTERI,2,2020,Berlaku,
D0108,"Peraturan Menteri Agraria dan Tata Ruang/Badan Pertanahan Nasional Nomor 8 Tahun 2020,""PERATURAN MENTERI",PERATURAN MENTERI,8,2020,Berlaku,
D0109,"Peraturan Menteri Perdagangan Nomor 73 Tahun 2020,""PERATURAN MENTERI",PERATURAN MENTERI,73,2020,Berlaku,
D0110,"Peraturan Menteri Koordinator Bidang Kemaritiman dan Investasi  Nomor 1 Tahun 2020,""PERATURAN MENTERI",PERATURAN MENTERI,1,2020,Berlaku,
D0111,"Peraturan Menteri Energi Dan Sumber Daya Mineral Nomor 15 Tahun 2020,""PERATURAN MENTERI",PERATURAN MENTERI,15,2020,Berlaku,
D0112,"Peraturan Menteri Pemuda dan Olahraga Nomor 3 Tahun 2020,""PERATURAN MENTERI",PERATURAN MENTERI,3,2020,Dicabut,Peraturan Menteri Pemuda dan Olahraga Nomor 5 Tahun 2022
D0113,"Peraturan Menteri Dalam Negeri Nomor 65 Tahun 2020,""PERATURAN MENTERI",PERATURAN MENTERI,65,2020,Berlaku,
D0114,"Peraturan Komisi Nasional Hak Asasi Manusia Nomor 7 Tahun 2020,""PERATURAN MENTERI",PERATURAN MENTERI,7,2020,Berlaku,
D0115,"Peraturan Komisi Nasional Hak Asasi Manusia Nomor 4 Tahun 2020,""PERATURAN BADAN/LEMBAGA",PERATURAN BADAN/LEMBAGA,4,2020,Berlaku,
D0116,"Peraturan Badan Pengawas Pemilihan Umum Nomor 14 Tahun 2020,""PERATURAN BADAN/LEMBAGA",PERATURAN BADAN/LEMBAGA,14,2020,Berlaku,
D0117,"Peraturan Komisi Nasional Hak Asasi Manusia Nomor 6 Tahun 2020,""PERATURAN BADAN/LEMBAGA",PERATURAN BADAN/LEMBAGA,6,2020,Berlaku,
D0118,"Peraturan Badan Kepegawaian Negara Nomor 19 Tahun 2020,""PERATURAN BADAN/LEMBAGA",PERATURAN BADAN/LEMBAGA,19,2020,Berlaku,
D0119,"Peraturan Lembaga Perlindungan Saksi dan Korban Nomor 4 Tahun 2020,""PERATURAN BADAN/LEMBAGA",PERATURAN BADAN/LEMBAGA,4,2020,Berlaku,
D0120,"Peraturan Badan Koordinasi Penanaman Modal Nomor 12 Tahun 2020,""PERATURAN BADAN/LEMBAGA",PERATURAN BADAN/LEMBAGA,12,2020,Berlaku,
D0121,"Peraturan Badan Pengawas Pemilihan Umum Nomor 10 Tahun 2020,""PERATURAN BADAN/LEMBAGA",PERATURAN BADAN/LEMBAGA,10,2020,Berlaku,
D0122,"Peraturan Lembaga Perlindungan Saksi dan Korban Nomor 6 Tahun 2020,""PERATURAN BADAN/LEMBAGA",PERATURAN BADAN/LEMBAGA,6,2020,Berlaku,
D0123,"Peraturan Perpustakaan Nasional Nomor 9 Tahun 2020,""PERATURAN BADAN/LEMBAGA",PERATURAN BADAN/LEMBAGA,9,2020,Berlaku,
D0124,"Peraturan Badan Koordinasi Penanaman Modal Nomor 13 Tahun 2020,""PERATURAN BADAN/LEMBAGA",PERATURAN BADAN/LEMBAGA,13,2020,Berlaku,
D0125,"Peraturan Badan Pengawas Pemilihan Umum Nomor 11 Tahun 2020,""PERATURAN BADAN/LEMBAGA",PERATURAN BADAN/LEMBAGA,11,2020,Berlaku,
D0126,"Peraturan Badan Kepegawaian Negara Nomor 17 Tahun 2020,""PERATURAN BADAN/LEMBAGA",PERATURAN BADAN/LEMBAGA,17,2020,Berlaku,
D0127,"Peraturan Badan Koordinasi Penanaman Modal Nomor 11 Tahun 2020,""PERATURAN BADAN/LEMBAGA",PERATURAN BADAN/LEMBAGA,11,2020,Berlaku,
D0128,"Peraturan Lembaga Kebijakan Pengadaan Barang/Jasa Pemerintah Nomor 11 Tahun 2020,""PERATURAN BADAN/LEMBAGA",PERATURAN BADAN/LEMBAGA,11,2020,Berlaku,
D0129,"Peraturan Badan Pengawas Pemilihan Umum Nomor 12 Tahun 2020,""PERATURAN BADAN/LEMBAGA",PERATURAN BADAN/LEMBAGA,12,2020,Berlaku,
D0130,"Peraturan Daerah kabupaten Lumajang Nomor 62 Tahun 2020,""PERATURAN DAERAH",PERATURAN DAERAH,62,2020,Berlaku,
D0131,"Peraturan Menteri Koordinator Bidang Perekonomian Nomor 3 Tahun 2019,""PERATURAN MENTERI",PERATURAN MENTERI,3,2019,Berlaku,
D0132,"Peraturan Menteri Pemberdayaan Perempuan dan Perlindungan Anak Nomor 14 Tahun 2019,""PERATURAN MENTERI",PERATURAN MENTERI,14,2019,Berlaku,
D0133,"Peraturan Menteri Pariwisata Nomor 15 Tahun 2019,""PERATURAN MENTERI",PERATURAN MENTERI,15,2019,Berlaku,
D0134,"Peraturan Menteri Badan Usaha Milik Negara Nomor PER-06/MBU/10/2019 Tahun 2019,""PERATURAN MENTERI",PERATURAN MENTERI,PER-06/MBU/10/2019,2019,Berlaku,
D0135,"Peraturan Menteri Perencanaan Pembangunan Nasional / Badan Perencanaan Pembangunan Nasional Nomor 1 Tahun 2019,""PERATURAN MENTERI",PERATURAN MENTERI,1,2019,Berlaku,
D0136,"Peraturan Menteri Pertahanan Nomor 24 Tahun 2019,""PERATURAN MENTERI",PERATURAN MENTERI,24,2019,Dicabut,Peraturan Menteri Pertahanan Nomor 15 Tahun 2021
D0137,"Peraturan Menteri Desa, Pembangunan Daerah Tertinggal, dan Transmigrasi Nomor 8 Tahun 2019,""PERATURAN MENTERI",PERATURAN MENTERI,8,2019,Berlaku,
D0138,"Peraturan Menteri Desa, Pembangunan Daerah Tertinggal, dan Transmigrasi Nomor 9 Tahun 2019,""PERATURAN MENTERI",PERATURAN MENTERI,9,2019,Berlaku,
D0139,"Peraturan Menteri Pemuda dan Olahraga Nomor 8 Tahun 2019,""PERATURAN MENTERI",PERATURAN MENTERI,8,2019,Berlaku,
D0140,"Peraturan Menteri Koordinator Bidang Politik, Hukum, Dan Keamanan Nomor 3 Tahun 2019,""PERATURAN MENTERI",PERATURAN MENTERI,3,2019,Berlaku,
D0141,"Peraturan Menteri Pemberdayaan Perempuan dan Perlindungan Anak Nomor 16 Tahun 2019,""PERATURAN MENTERI",PERATURAN MENTERI,16,2019,Berlaku,
D0142,"Peraturan Menteri Keuangan Nomor 196/PMK.01/2019 Tahun 2019,""PERATURAN MENTERI",PERATURAN MENTERI,196/PMK.01/2019,2019,Berlaku,
D0143,"Peraturan Menteri Koordinator Bidang Politik, Hukum, Dan Keamanan Nomor 4 Tahun 2019,""PERATURAN MENTERI",PERATURAN MENTERI,4,2019,Berlaku,
D0144,"Peraturan Menteri Pemuda dan Olahraga Nomor 6 Tahun 2019,""PERATURAN MENTERI",PERATURAN MENTERI,6,2019,Berlaku,
D0145,"Peraturan Menteri Pendidikan dan Kebudayaan Nomor 41 Tahun 2019,""PERATURAN MENTERI",PERATURAN MENTERI,41,2019,Berlaku,
D0146,"Peraturan Menteri Lingkungan Hidup dan Kehutanan Nomor P.55/MENLHK/SETJEN/KUM.1/9/2019 Tahun 2019,""PERATURAN MENTERI",PERATURAN MENTERI,P.55/MENLHK/SETJEN/KUM.1/9/2019,2019,Berlaku,
D0147,"Peraturan Menteri Koordinator Bidang Politik, Hukum, Dan Keamanan Nomor 2 Tahun 2019,""PERATURAN MENTERI",PERATURAN MENTERI,2,2019,Berlaku,
D0148,"Peraturan Menteri Perdagangan Nomor 16 Tahun 2019,""PERATURAN MENTERI",PERATURAN MENTERI,16,2019,Berlaku,
D0149,"Peraturan Menteri Pemberdayaan Perempuan dan Perlindungan Anak Nomor 15 Tahun 2019,""PERATURAN MENTERI",PERATURAN MENTERI,15,2019,Berlaku,
D0150,"Peraturan Menteri Pemuda dan Olahraga Nomor 7 Tahun 2019,""PERATURAN MENTERI",PERATURAN MENTERI,7,2019,Berlaku,
D0151,"Peraturan Menteri Desa, Pembangunan Daerah Tertinggal, dan Transmigrasi Nomor 7 Tahun 2019,""PERATURAN MENTERI",PERATURAN MENTERI,7,2019,Berlaku,
D0152,"Peraturan Menteri Pendidikan dan Kebudayaan Nomor 23 Tahun 2019,""PERATURAN MENTERI",PERATURAN MENTERI,23,2019,Berlaku,
D0153,"Peraturan Menteri Pariwisata Nomor 17 Tahun 2019,""PERATURAN MENTERI",PERATURAN MENTERI,17,2019,Berlaku,
D0154,"Peraturan Badan Informasi Geospasial Nomor 13 Tahun 2019,""PERATURAN BADAN/LEMBAGA",PERATURAN BADAN/LEMBAGA,13,2019,Berlaku,
D0155,"Peraturan Perpustakaan Nasional Nomor 6 Tahun 2019,""PERATURAN BADAN/LEMBAGA",PERATURAN BADAN/LEMBAGA,6,2019,Berlaku,
D0156,"Peraturan Badan Standardisasi Nasional Nomor 17 Tahun 2019,""PERATURAN BADAN/LEMBAGA",PERATURAN BADAN/LEMBAGA,17,2019,Berlaku,
D0157,"Peraturan Badan Kepegawaian Negara Nomor 3 Tahun 2019,""PERATURAN BADAN/LEMBAGA",PERATURAN BADAN/LEMBAGA,3,2019,Berlaku,
D0158,"Peraturan Perpustakaan Nasional Nomor 5 Tahun 2019,""PERATURAN BADAN/LEMBAGA",PERATURAN BADAN/LEMBAGA,5,2019,Berlaku,
D0159,"Peraturan Badan Pengawas Tenaga Nuklir Nomor 11 Tahun 2019,""PERATURAN BADAN/LEMBAGA",PERATURAN BADAN/LEMBAGA,11,2019,Berlaku,
D0160,"Peraturan Badan Standardisasi Nasional Nomor 19 Tahun 2019,""PERATURAN BADAN/LEMBAGA",PERATURAN BADAN/LEMBAGA,19,2019,Berlaku,
D0161,"Peraturan Arsip Nasional Nomor 6 Tahun 2019,""PERATURAN BADAN/LEMBAGA",PERATURAN BADAN/LEMBAGA,6,2019,Berlaku,
D0162,"Peraturan Arsip Nasional Nomor 4 Tahun 2019,""PERATURAN BADAN/LEMBAGA",PERATURAN BADAN/LEMBAGA,4,2019,Berlaku,
D0163,"Peraturan Badan Pengawas Obat dan Makanan Nomor 4 Tahun 2019,""PERATURAN BADAN/LEMBAGA",PERATURAN BADAN/LEMBAGA,4,2019,Berlaku,
D0164,"Peraturan Badan Pengawas Tenaga Nuklir Nomor 3 Tahun 2019,""PERATURAN BADAN/LEMBAGA",PERATURAN BADAN/LEMBAGA,3,2019,Berlaku,
D0165,"Peraturan Badan Meteorologi,Klimatologi,dan Geofisika Nomor 6 Tahun 2019,""PERATURAN BADAN/LEMBAGA",PERATURAN BADAN/LEMBAGA,6,2019,Berlaku,
D0166,"Peraturan Badan Pengawas Obat dan Makanan Nomor 3 Tahun 2019,""PERATURAN BADAN/LEMBAGA",PERATURAN BADAN/LEMBAGA,3,2019,Berlaku,
D0167,"Peraturan Arsip Nasional Nomor 5 Tahun 2019,""PERATURAN BADAN/LEMBAGA",PERATURAN BADAN/LEMBAGA,5,2019,Berlaku,
D0168,"Peraturan Badan Nasional Pencarian dan Pertolongan Nomor 3 Tahun 2019,""PERATURAN BADAN/LEMBAGA",PERATURAN BADAN/LEMBAGA,3,2019,Berlaku,
D0169,"Peraturan Kepala Badan Pusat Statistik Nomor 1 Tahun 2019,""PERATURAN BADAN/LEMBAGA",PERATURAN BADAN/LEMBAGA,1,2019,Berlaku,
D0170,"Peraturan Daerah Kabupaten Bandung Barat Nomor 5 Tahun 2019,""PERATURAN DAERAH",PERATURAN DAERAH,5,2019,Berlaku,
D0171,"Peraturan Daerah Kota Bandung Nomor 027 Tahun 2019,""PERATURAN DAERAH",PERATURAN DAERAH,027,2019,Berlaku,
D0172,"Peraturan Daerah Provinsi Kalimantan Utara Nomor 7 Tahun 2019,""PERATURAN DAERAH",PERATURAN DAERAH,7,2019,Berlaku,
D0173,"Peraturan Daerah Kota Cirebon Nomor 32 Tahun 2019,""PERATURAN DAERAH",PERATURAN DAERAH,32,2019,Berlaku,
D0174,"Peraturan Pemerintah Nomor 53 Tahun 2019,""PERATURAN PEMERINTAH",PERATURAN PEMERINTAH,53,2019,Berlaku,
D0175,"Peraturan Menteri Desa, Pembangunan Daerah Tertinggal, dan Transmigrasi Nomor 2 Tahun 2018,""PERATURAN MENTERI",PERATURAN MENTERI,2,2018,Berlaku,
D0176,"Peraturan Menteri Koperasi dan UKM Nomor 03/PER/M.KUKM/III/2018 Tahun 2018,""PERATURAN MENTERI",PERATURAN MENTERI,03/PER/M.KUKM/III/2018,2018,Berlaku,
D0177,"Peraturan Menteri Badan Usaha Milik Negara Nomor PER-04/MBU/03/2018 Tahun 2018,""PERATURAN MENTERI",PERATURAN MENTERI,PER-04/MBU/03/2018,2018,Berlaku,
D0178,"Peraturan Menteri Koperasi dan UKM Nomor 05 Tahun 2018,""PERATURAN MENTERI",PERATURAN MENTERI,05,2018,Berlaku,
D0179,"Peraturan Menteri Agraria dan Tata Ruang/Badan Pertanahan Nasional Nomor 10 Tahun 2018,""PERATURAN MENTERI",PERATURAN MENTERI,10,2018,Berlaku,
D0180,"Peraturan Menteri Pekerjaan Umum dan Perumahan Rakyat Nomor 16/PRT/M/2018 Tahun 2018,""PERATURAN MENTERI",PERATURAN MENTERI,16/PRT/M/2018,2018,Berlaku,
D0181,"Peraturan Menteri Pendayagunaan Aparatur Negara dan Reformasi Birokrasi Nomor 24 Tahun 2018,""PERATURAN MENTERI",PERATURAN MENTERI,24,2018,Berlaku,
D0182,"Peraturan Menteri Kesehatan Nomor 21 Tahun 2018,""PERATURAN MENTERI",PERATURAN MENTERI,21,2018,Berlaku,
D0183,"Peraturan Menteri Koordinator Bidang Kemaritiman Nomor 5 Tahun 2018,""PERATURAN MENTERI",PERATURAN MENTERI,5,2018,Berlaku,
D0184,"Peraturan Menteri Riset, Teknologi, dan Pendidikan Tinggi Nomor 23 Tahun 2018,""PERATURAN MENTERI",PERATURAN MENTERI,23,2018,Berlaku,
D0185,"Peraturan Menteri Lingkungan Hidup dan Kehutanan Nomor P.85/MENLHK/SETJEN/KUM.1/8/2018 Tahun 2018,""PERATURAN MENTERI",PERATURAN MENTERI,P.85/MENLHK/SETJEN/KUM.1/8/2018,2018,Berlaku,
D0186,"Peraturan Menteri Dalam Negeri Nomor 69 Tahun 2018,""PERATURAN MENTERI",PERATURAN MENTERI,69,2018,Berlaku,
D0187,"Peraturan Menteri Koordinator Bidang Kemaritiman Nomor 11 Tahun 2018,""PERATURAN MENTERI",PERATURAN MENTERI,11,2018,Berlaku,
D0188,"Peraturan Menteri Koordinator Bidang Kemaritiman Nomor 10 Tahun 2018,""PERATURAN MENTERI",PERATURAN MENTERI,10,2018,Berlaku,
D0189,"Peraturan Menteri Perhubungan Nomor PM112 Tahun 2018,""PERATURAN MENTERI",PERATURAN MENTERI,PM112,2018,Berlaku,
D0190,"Peraturan Menteri Ketenagakerjaan Nomor 17 Tahun 2018,""PERATURAN MENTERI",PERATURAN MENTERI,17,2018,Berlaku,
D0191,"Peraturan Menteri Ketenagakerjaan Nomor 22 Tahun 2018,""PERATURAN MENTERI",PERATURAN MENTERI,22,2018,Berlaku,
D0192,"Peraturan Menteri Pertahanan Nomor 24 Tahun 2018,""PERATURAN MENTERI",PERATURAN MENTERI,24,2018,Berlaku,
D0193,"Peraturan Arsip Nasional Nomor 1 Tahun 2018,""PERATURAN BADAN/LEMBAGA",PERATURAN BADAN/LEMBAGA,1,2018,Berlaku,
D0194,"Peraturan Arsip Nasional Nomor 2 Tahun 2018,""PERATURAN BADAN/LEMBAGA",PERATURAN BADAN/LEMBAGA,2,2018,Berlaku,
D0195,"Peraturan Arsip Nasional Nomor 3 Tahun 2018,""PERATURAN BADAN/LEMBAGA",PERATURAN BADAN/LEMBAGA,3,2018,Berlaku,
D0196,"Peraturan Arsip Nasional Nomor 4 Tahun 2018,""PERATURAN BADAN/LEMBAGA",PERATURAN BADAN/LEMBAGA,4,2018,Berlaku,
D0197,"Peraturan Arsip Nasional Nomor 5 Tahun 2018,""PERATURAN BADAN/LEMBAGA",PERATURAN BADAN/LEMBAGA,5,2018,Berlaku,
D0198,"Peraturan Arsip Nasional Nomor 6 Tahun 2018,""PERATURAN BADAN/LEMBAGA",PERATURAN BADAN/LEMBAGA,6,2018,Berlaku,
D0199,"Peraturan Badan Ekonomi Kreatif Nomor 2 Tahun 2018,""PERATURAN BADAN/LEMBAGA",PERATURAN BADAN/LEMBAGA,2,2018,Berlaku,
D0200,"Peraturan Arsip Nasional Nomor 8 Tahun 2018,""PERATURAN BADAN/LEMBAGA",PERATURAN BADAN/LEMBAGA,8,2018,Berlaku,
D0201,"Peraturan Badan Meteorologi,Klimatologi,dan Geofisika Nomor 1 Tahun 2018,""PERATURAN BADAN/LEMBAGA",PERATURAN BADAN/LEMBAGA,1,2018,Berlaku,
D0202,"Peraturan Arsip Nasional Nomor 7 Tahun 2018,""PERATURAN BADAN/LEMBAGA",PERATURAN BADAN/LEMBAGA,7,2018,Berlaku,
D0203,"Peraturan Lembaga Penerbangan dan Antariksa Nasional Nomor 2 Tahun 2018,""PERATURAN BADAN/LEMBAGA",PERATURAN BADAN/LEMBAGA,2,2018,Berlaku,
D0204,"Peraturan Arsip Nasional Nomor 10 Tahun 2018,""PERATURAN BADAN/LEMBAGA",PERATURAN BADAN/LEMBAGA,10,2018,Berlaku,
D0205,"Peraturan Lembaga Kebijakan Pengadaan Barang/Jasa Pemerintah Nomor 20 Tahun 2018,""PERATURAN BADAN/LEMBAGA",PERATURAN BADAN/LEMBAGA,20,2018,Berlaku,
D0206,"Peraturan Arsip Nasional Nomor 9 Tahun 2018,""PERATURAN BADAN/LEMBAGA",PERATURAN BADAN/LEMBAGA,9,2018,Berlaku,
D0207,"Peraturan Lembaga Kebijakan Pengadaan Barang/Jasa Pemerintah Nomor 21 Tahun 2018,""PERATURAN BADAN/LEMBAGA",PERATURAN BADAN/LEMBAGA,21,2018,Berlaku,
D0208,"Peraturan Komisi Pemberantasan Korupsi Nomor 07 Tahun 2018,""PERATURAN BADAN/LEMBAGA",PERATURAN BADAN/LEMBAGA,07,2018,Berlaku,
D0209,"Peraturan Badan Standardisasi Nasional Nomor 7 Tahun 2018,""PERATURAN BADAN/LEMBAGA",PERATURAN BADAN/LEMBAGA,7,2018,Berlaku,
D0210,"Peraturan Arsip Nasional Nomor 11 Tahun 2018,""PERATURAN BADAN/LEMBAGA",PERATURAN BADAN/LEMBAGA,11,2018,Berlaku,
D0211,"Peraturan Badan Pengawas Pemilihan Umum Nomor 32 Tahun 2018,""PERATURAN BADAN/LEMBAGA",PERATURAN BADAN/LEMBAGA,32,2018,Berlaku,
D0212,"Peraturan Badan Nasional Pengelola Perbatasan Nomor 10 Tahun 2018,""PERATURAN BADAN/LEMBAGA",PERATURAN BADAN/LEMBAGA,10,2018,Berlaku,
D0213,"Peraturan Badan Nasional Pengelola Perbatasan Nomor 9 Tahun 2018,""PERATURAN BADAN/LEMBAGA",PERATURAN BADAN/LEMBAGA,9,2018,Berlaku,
D0214,"Peraturan Badan Nasional Pengelola Perbatasan Nomor 8 Tahun 2018,""PERATURAN BADAN/LEMBAGA",PERATURAN BADAN/LEMBAGA,8,2018,Berlaku,
D0215,"Peraturan Arsip Nasional Nomor 15 Tahun 2018,""PERATURAN BADAN/LEMBAGA",PERATURAN BADAN/LEMBAGA,15,2018,Berlaku,
D0216,"Peraturan Badan Ekonomi Kreatif Nomor 10 Tahun 2018,""PERATURAN BADAN/LEMBAGA",PERATURAN BADAN/LEMBAGA,10,2018,Berlaku,
D0217,"Peraturan Arsip Nasional Nomor 14 Tahun 2018,""PERATURAN BADAN/LEMBAGA",PERATURAN BADAN/LEMBAGA,14,2018,Berlaku,
D0218,"Peraturan Daerah Kota Bogor Nomor 46 Tahun 2018,""PERATURAN DAERAH",PERATURAN DAERAH,46,2018,Berlaku,
D0219,"Peraturan Daerah Kota Bogor Nomor 45 Tahun 2018,""PERATURAN DAERAH",PERATURAN DAERAH,45,2018,Berlaku,
D0220,"Peraturan Daerah Kota Banjarbaru Nomor 3 Tahun 2018,""PERATURAN DAERAH",PERATURAN DAERAH,3,2018,Berlaku,
D0221,"Peraturan Daerah Kota Bogor Nomor 47 Tahun 2018,""PERATURAN DAERAH",PERATURAN DAERAH,47,2018,Berlaku,
D0222,"Peraturan Daerah Kabupaten Blora Nomor 9 Tahun 2018,""PERATURAN DAERAH",PERATURAN DAERAH,9,2018,Berlaku,
D0223,"Peraturan Daerah Kabupaten Luwu Timur Nomor 8 Tahun 2018,""PERATURAN DAERAH",PERATURAN DAERAH,8,2018,Berlaku,
D0224,"Peraturan Daerah Kabupaten Blitar Nomor 8 Tahun 2018,""PERATURAN DAERAH",PERATURAN DAERAH,8,2018,Berlaku,
D0225,"Peraturan Presiden Nomor 118 Tahun 2018,""PERATURAN PRESIDEN",PERATURAN PRESIDEN,118,2018,Unknown,
D0226,"Peraturan Menteri Kesehatan Nomor 77 Tahun 2017,""PERATURAN MENTERI",PERATURAN MENTERI,77,2017,Berlaku,
D0227,"Peraturan Menteri Pertahanan Nomor 41 Tahun 2017,""PERATURAN MENTERI",PERATURAN MENTERI,41,2017,Berlaku,
D0228,"Peraturan Menteri Perdagangan Nomor 05/M-DAG/PER/2/2017 Tahun 2017,""PERATURAN MENTERI",PERATURAN MENTERI,05/M-DAG/PER/2/2017,2017,Berlaku,
D0229,"Peraturan Menteri Desa, Pembangunan Daerah Tertinggal, dan Transmigrasi Nomor 1 Tahun 2017,""PERATURAN MENTERI",PERATURAN MENTERI,1,2017,Berlaku,
D0230,"Peraturan Menteri Desa, Pembangunan Daerah Tertinggal, dan Transmigrasi Nomor 2 Tahun 2017,""PERATURAN MENTERI",PERATURAN MENTERI,2,2017,Berlaku,
D0231,"Peraturan Menteri Sosial Nomor 2 Tahun 2017,""PERATURAN MENTERI",PERATURAN MENTERI,2,2017,Berlaku,
D0232,"Peraturan Menteri Lingkungan Hidup dan Kehutanan Nomor P.21/MENLHK/SETJEN/KUM.1/3/2017 Tahun 2017,""PERATURAN MENTERI",PERATURAN MENTERI,P.21/MENLHK/SETJEN/KUM.1/3/2017,2017,Berlaku,
D0233,"Peraturan Menteri Desa, Pembangunan Daerah Tertinggal, dan Transmigrasi Nomor 3 Tahun 2017,""PERATURAN MENTERI",PERATURAN MENTERI,3,2017,Dicabut,"Peraturan Menteri Desa, Pembangunan Daerah Tertinggal, dan Transmigrasi Nomor 1 Tahun 2022"
D0234,"Peraturan Menteri Lingkungan Hidup dan Kehutanan Nomor P.24/MENLHK/SETJEN/KUM.1/4/2017 Tahun 2017,""PERATURAN MENTERI",PERATURAN MENTERI,P.24/MENLHK/SETJEN/KUM.1/4/2017,2017,Berlaku,
D0235,"Peraturan Menteri Pertanian Nomor 18/PERMENTAN/TU.110/5/2017 Tahun 2017,""PERATURAN MENTERI",PERATURAN MENTERI,18/PERMENTAN/TU.110/5/2017,2017,Berlaku,
D0236,"Peraturan Menteri Koordinator Bidang Politik, Hukum, Dan Keamanan Nomor 3 Tahun 2017,""PERATURAN MENTERI",PERATURAN MENTERI,3,2017,Berlaku,
D0237,"Peraturan Menteri Ketenagakerjaan Nomor 15 Tahun 2017,""PERATURAN MENTERI",PERATURAN MENTERI,15,2017,Dicabut,Peraturan Menteri Ketenagakerjaan Nomor 26 Tahun 2021
D0238,"Peraturan Menteri Hukum dan Hak Asasi Manusia Nomor 23 Tahun 2017,""PERATURAN MENTERI",PERATURAN MENTERI,23,2017,Berlaku,
D0239,"Peraturan Menteri Riset, Teknologi, dan Pendidikan Tinggi Nomor 78 Tahun 2017,""PERATURAN MENTERI",PERATURAN MENTERI,78,2017,Berlaku,
D0240,"Peraturan Menteri Dalam Negeri Nomor 135 Tahun 2017,""PERATURAN MENTERI",PERATURAN MENTERI,135,2017,Berlaku,
D0241,"Peraturan Menteri Perdagangan Nomor 99 Tahun 2017,""PERATURAN MENTERI",PERATURAN MENTERI,99,2017,Berlaku,
D0242,"Peraturan Menteri Pertahanan Nomor 21 Tahun 2017,""PERATURAN MENTERI",PERATURAN MENTERI,21,2017,Berlaku,
D0243,"Peraturan Menteri Pertahanan Nomor 20 Tahun 2017,""PERATURAN MENTERI",PERATURAN MENTERI,20,2017,Berlaku,
D0244,"Peraturan Menteri Pertahanan Nomor 26 Tahun 2017,""PERATURAN MENTERI",PERATURAN MENTERI,26,2017,Berlaku,
D0245,"Peraturan Menteri Pertahanan Nomor 27 Tahun 2017,""PERATURAN MENTERI",PERATURAN MENTERI,27,2017,Berlaku,
D0246,"Peraturan Menteri Pertahanan Nomor 28 Tahun 2017,""PERATURAN MENTERI",PERATURAN MENTERI,28,2017,Berlaku,
D0247,"Peraturan Arsip Nasional Nomor 1 Tahun 2017,""PERATURAN BADAN/LEMBAGA",PERATURAN BADAN/LEMBAGA,1,2017,Berlaku,
D0248,"Peraturan Badan Ekonomi Kreatif Nomor 2 Tahun 2017,""PERATURAN BADAN/LEMBAGA",PERATURAN BADAN/LEMBAGA,2,2017,Berlaku,
D0249,"Peraturan Arsip Nasional Nomor 4 Tahun 2017,""PERATURAN BADAN/LEMBAGA",PERATURAN BADAN/LEMBAGA,4,2017,Berlaku,
D0250,"Peraturan Arsip Nasional Nomor 3 Tahun 2017,""PERATURAN BADAN/LEMBAGA",PERATURAN BADAN/LEMBAGA,3,2017,Berlaku,
D0251,"Peraturan Arsip Nasional Nomor 5 Tahun 2017,""PERATURAN BADAN/LEMBAGA",PERATURAN BADAN/LEMBAGA,5,2017,Berlaku,
D0252,"Peraturan Arsip Nasional Nomor 6 Tahun 2017,""PERATURAN BADAN/LEMBAGA",PERATURAN BADAN/LEMBAGA,6,2017,Berlaku,
D0253,"Peraturan Arsip Nasional Nomor 7 Tahun 2017,""PERATURAN BADAN/LEMBAGA",PERATURAN BADAN/LEMBAGA,7,2017,Berlaku,
D0254,"Peraturan Arsip Nasional Nomor 8 Tahun 2017,""PERATURAN BADAN/LEMBAGA",PERATURAN BADAN/LEMBAGA,8,2017,Berlaku,
D0255,"Peraturan Komisi Pemberantasan Korupsi Nomor 3 Tahun 2017,""PERATURAN BADAN/LEMBAGA",PERATURAN BADAN/LEMBAGA,3,2017,Berlaku,
D0256,"Peraturan Arsip Nasional Nomor 9 Tahun 2017,""PERATURAN BADAN/LEMBAGA",PERATURAN BADAN/LEMBAGA,9,2017,Berlaku,
D0257,"Peraturan Arsip Nasional Nomor 10 Tahun 2017,""PERATURAN BADAN/LEMBAGA",PERATURAN BADAN/LEMBAGA,10,2017,Berlaku,
D0258,"Peraturan Lembaga Sandi Negara Nomor 4 Tahun 2017,""PERATURAN BADAN/LEMBAGA",PERATURAN BADAN/LEMBAGA,4,2017,Berlaku,
D0259,"Peraturan Arsip Nasional Nomor 11 Tahun 2017,""PERATURAN BADAN/LEMBAGA",PERATURAN BADAN/LEMBAGA,11,2017,Berlaku,
D0260,"Peraturan Lembaga Sandi Negara Nomor 9 Tahun 2017,""PERATURAN BADAN/LEMBAGA",PERATURAN BADAN/LEMBAGA,9,2017,Berlaku,
D0261,"Peraturan Arsip Nasional Nomor 13 Tahun 2017,""PERATURAN BADAN/LEMBAGA",PERATURAN BADAN/LEMBAGA,13,2017,Berlaku,
D0262,"Peraturan Arsip Nasional Nomor 12 Tahun 2017,""PERATURAN BADAN/LEMBAGA",PERATURAN BADAN/LEMBAGA,12,2017,Berlaku,
D0263,"Peraturan Komisi Pemberantasan Korupsi Nomor 06 Tahun 2017,""PERATURAN BADAN/LEMBAGA",PERATURAN BADAN/LEMBAGA,06,2017,Berlaku,
D0264,"Peraturan Komisi Pemberantasan Korupsi Nomor 07 Tahun 2017,""PERATURAN BADAN/LEMBAGA",PERATURAN BADAN/LEMBAGA,07,2017,Berlaku,
D0265,"Peraturan Arsip Nasional Nomor 14 Tahun 2017,""PERATURAN BADAN/LEMBAGA",PERATURAN BADAN/LEMBAGA,14,2017,Berlaku,
D0266,"Peraturan Badan Tenaga Nuklir Nasional Nomor 12 Tahun 2017,""PERATURAN BADAN/LEMBAGA",PERATURAN BADAN/LEMBAGA,12,2017,Berlaku,
D0267,"Peraturan Arsip Nasional Nomor 15 Tahun 2017,""PERATURAN BADAN/LEMBAGA",PERATURAN BADAN/LEMBAGA,15,2017,Berlaku,
D0268,"Peraturan Arsip Nasional Nomor 16 Tahun 2017,""PERATURAN BADAN/LEMBAGA",PERATURAN BADAN/LEMBAGA,16,2017,Berlaku,
D0269,"Peraturan Arsip Nasional Nomor 17 Tahun 2017,""PERATURAN BADAN/LEMBAGA",PERATURAN BADAN/LEMBAGA,17,2017,Berlaku,
D0270,"Peraturan Badan Nasional Penanggulangan Terorisme Nomor 5 Tahun 2017,""PERATURAN BADAN/LEMBAGA",PERATURAN BADAN/LEMBAGA,5,2017,Berlaku,
D0271,"Peraturan Badan Nasional Penanggulangan Terorisme Nomor 3 Tahun 2017,""PERATURAN BADAN/LEMBAGA",PERATURAN BADAN/LEMBAGA,3,2017,Berlaku,
D0272,"Peraturan Badan Nasional Penanggulangan Terorisme Nomor 2 Tahun 2017,""PERATURAN BADAN/LEMBAGA",PERATURAN BADAN/LEMBAGA,2,2017,Berlaku,
D0273,"Peraturan Arsip Nasional Nomor 19 Tahun 2017,""PERATURAN BADAN/LEMBAGA",PERATURAN BADAN/LEMBAGA,19,2017,Berlaku,
D0274,"Peraturan Arsip Nasional Nomor 21 Tahun 2017,""PERATURAN BADAN/LEMBAGA",PERATURAN BADAN/LEMBAGA,21,2017,Berlaku,
D0275,"Peraturan Arsip Nasional Nomor 22 Tahun 2017,""PERATURAN BADAN/LEMBAGA",PERATURAN BADAN/LEMBAGA,22,2017,Berlaku,
D0276,"Peraturan Arsip Nasional Nomor 23 Tahun 2017,""PERATURAN BADAN/LEMBAGA",PERATURAN BADAN/LEMBAGA,23,2017,Berlaku,
D0277,"Peraturan Arsip Nasional Nomor 18 Tahun 2017,""PERATURAN BADAN/LEMBAGA",PERATURAN BADAN/LEMBAGA,18,2017,Berlaku,
D0278,"Peraturan Badan Nasional Pencarian dan Pertolongan Nomor 18 Tahun 2017,""PERATURAN BADAN/LEMBAGA",PERATURAN BADAN/LEMBAGA,18,2017,Berlaku,
D0279,"Peraturan Arsip Nasional Nomor 20 Tahun 2017,""PERATURAN BADAN/LEMBAGA",PERATURAN BADAN/LEMBAGA,20,2017,Berlaku,
D0280,"Peraturan Badan Nasional Penanggulangan Terorisme Nomor 6 Tahun 2017,""PERATURAN BADAN/LEMBAGA",PERATURAN BADAN/LEMBAGA,6,2017,Berlaku,
D0281,"Peraturan Pusat Pelaporan dan Analisis Transaksi Keuangan Nomor 15 Tahun 2017,""PERATURAN BADAN/LEMBAGA",PERATURAN BADAN/LEMBAGA,15,2017,Berlaku,
D0282,"Peraturan Daerah Provinsi DKI Jakarta Nomor 4 Tahun 2017,""PERATURAN DAERAH",PERATURAN DAERAH,4,2017,Berlaku,
D0283,"Peraturan Presiden Nomor 15 Tahun 2017,""PERATURAN PRESIDEN",PERATURAN PRESIDEN,15,2017,Berlaku,
D0284,"Peraturan Menteri Koordinator Bidang Politik, Hukum, Dan Keamanan Nomor 1 Tahun 2016,""PERATURAN MENTERI",PERATURAN MENTERI,1,2016,Berlaku,
D0285,"Peraturan Menteri Koperasi dan UKM Nomor 04/PER/M.KUKM/I/2016 Tahun 2016,""PERATURAN MENTERI",PERATURAN MENTERI,04/PER/M.KUKM/I/2016,2016,Berlaku,
D0286,"Peraturan Menteri Sosial Nomor 7 Tahun 2016,""PERATURAN MENTERI",PERATURAN MENTERI,7,2016,Berlaku,
D0287,"Peraturan Menteri Pemberdayaan Perempuan dan Perlindungan Anak Nomor 4 Tahun 2016,""PERATURAN MENTERI",PERATURAN MENTERI,4,2016,Dicabut,Peraturan Menteri Pemberdayaan Perempuan dan Perlindungan Anak Nomor 15 Tahun 2019
D0288,"Peraturan Menteri Pemberdayaan Perempuan dan Perlindungan Anak Nomor 5 Tahun 2016,""PERATURAN MENTERI",PERATURAN MENTERI,5,2016,Berlaku,
D0289,"Peraturan Menteri Pendayagunaan Aparatur Negara dan Reformasi Birokrasi Nomor 13 Tahun 2016,""PERATURAN MENTERI",PERATURAN MENTERI,13,2016,Berlaku,
D0290,"Peraturan Menteri Pemberdayaan Perempuan dan Perlindungan Anak Nomor 11 Tahun 2016,""PERATURAN MENTERI",PERATURAN MENTERI,11,2016,Dicabut,Peraturan Menteri Pemberdayaan Perempuan dan Perlindungan Anak Nomor 16 Tahun 2019
D0291,"Peraturan Menteri Pertahanan Nomor 40 Tahun 2016,""PERATURAN MENTERI",PERATURAN MENTERI,40,2016,Berlaku,
D0292,"Peraturan Menteri Koordinator Bidang Kemaritiman Nomor 11 Tahun 2016,""PERATURAN MENTERI",PERATURAN MENTERI,11,2016,Dicabut,Peraturan Menteri Koordinator Bidang Kemaritiman Nomor 10 Tahun 2018
D0293,"Peraturan Menteri Kelautan dan Perikanan Nomor 67/PERMEN-KP/2016 Tahun 2016,""PERATURAN MENTERI",PERATURAN MENTERI,67/PERMEN-KP/2016,2016,Dicabut,Peraturan Menteri Kelautan dan Perikanan Nomor 8 Tahun 2021
D0294,"Peraturan Menteri Hukum dan Hak Asasi Manusia Nomor 54 Tahun 2016,""PERATURAN MENTERI",PERATURAN MENTERI,54,2016,Berlaku,
D0295,"Peraturan Menteri Sosial Nomor 3 Tahun 2016,""PERATURAN MENTERI",PERATURAN MENTERI,3,2016,Berlaku,
D0296,"Peraturan Menteri Pendidikan dan Kebudayaan Nomor 45 Tahun 2016,""PERATURAN MENTERI",PERATURAN MENTERI,45,2016,Berlaku,
D0297,"Peraturan Menteri Hukum dan Hak Asasi Manusia Nomor 55 Tahun 2016,""PERATURAN MENTERI",PERATURAN MENTERI,55,2016,Berlaku,
D0298,"Peraturan Menteri Hukum dan Hak Asasi Manusia Nomor 56 Tahun 2016,""PERATURAN MENTERI",PERATURAN MENTERI,56,2016,Berlaku,
D0299,"Peraturan Menteri Pendayagunaan Aparatur Negara dan Reformasi Birokrasi Nomor 16 Tahun 2016,""PERATURAN MENTERI",PERATURAN MENTERI,16,2016,Berlaku,
D0300,"Peraturan Menteri Koperasi dan UKM Nomor 11/PER/M.KUKM/IX/2016 Tahun 2016,""PERATURAN MENTERI",PERATURAN MENTERI,11/PER/M.KUKM/IX/2016,2016,Berlaku,
D0301,"Peraturan Menteri Pekerjaan Umum dan Perumahan Rakyat Nomor 23/PRT/M/2016 Tahun 2016,""PERATURAN MENTERI",PERATURAN MENTERI,23/PRT/M/2016,2016,Berlaku,
D0302,"Peraturan Menteri Sosial Nomor 11 Tahun 2016,""PERATURAN MENTERI",PERATURAN MENTERI,11,2016,Berlaku,
D0303,"Peraturan Arsip Nasional Nomor 3 Tahun 2016,""PERATURAN BADAN/LEMBAGA",PERATURAN BADAN/LEMBAGA,3,2016,Berlaku,
D0304,"Peraturan Arsip Nasional Nomor 4 Tahun 2016,""PERATURAN BADAN/LEMBAGA",PERATURAN BADAN/LEMBAGA,4,2016,Berlaku,
D0305,"Peraturan Badan Narkotika Nasional Nomor 5 Tahun 2016,""PERATURAN BADAN/LEMBAGA",PERATURAN BADAN/LEMBAGA,5,2016,Berlaku,
D0306,"Peraturan Badan Narkotika Nasional Nomor 02 Tahun 2016,""PERATURAN BADAN/LEMBAGA",PERATURAN BADAN/LEMBAGA,02,2016,Berlaku,
D0307,"Peraturan Arsip Nasional Nomor 5 Tahun 2016,""PERATURAN BADAN/LEMBAGA",PERATURAN BADAN/LEMBAGA,5,2016,Berlaku,
D0308,"Peraturan Arsip Nasional Nomor 6 Tahun 2016,""PERATURAN BADAN/LEMBAGA",PERATURAN BADAN/LEMBAGA,6,2016,Berlaku,
D0309,"Peraturan Arsip Nasional Nomor 7 Tahun 2016,""PERATURAN BADAN/LEMBAGA",PERATURAN BADAN/LEMBAGA,7,2016,Berlaku,
D0310,"Peraturan Arsip Nasional Nomor 8 Tahun 2016,""PERATURAN BADAN/LEMBAGA",PERATURAN BADAN/LEMBAGA,8,2016,Berlaku,
D0311,"Peraturan Arsip Nasional Nomor 9 Tahun 2016,""PERATURAN BADAN/LEMBAGA",PERATURAN BADAN/LEMBAGA,9,2016,Berlaku,
D0312,"Peraturan Arsip Nasional Nomor 10 Tahun 2016,""PERATURAN BADAN/LEMBAGA",PERATURAN BADAN/LEMBAGA,10,2016,Berlaku,
D0313,"Peraturan Arsip Nasional Nomor 2 Tahun 2016,""PERATURAN BADAN/LEMBAGA",PERATURAN BADAN/LEMBAGA,2,2016,Berlaku,
D0314,"Peraturan Arsip Nasional Nomor 11 Tahun 2016,""PERATURAN BADAN/LEMBAGA",PERATURAN BADAN/LEMBAGA,11,2016,Berlaku,
D0315,"Peraturan Arsip Nasional Nomor 12 Tahun 2016,""PERATURAN BADAN/LEMBAGA",PERATURAN BADAN/LEMBAGA,12,2016,Berlaku,
D0316,"Peraturan Arsip Nasional Nomor 13 Tahun 2016,""PERATURAN BADAN/LEMBAGA",PERATURAN BADAN/LEMBAGA,13,2016,Berlaku,
D0317,"Peraturan Arsip Nasional Nomor 14 Tahun 2016,""PERATURAN BADAN/LEMBAGA",PERATURAN BADAN/LEMBAGA,14,2016,Berlaku,
D0318,"Peraturan Arsip Nasional Nomor 15 Tahun 2016,""PERATURAN BADAN/LEMBAGA",PERATURAN BADAN/LEMBAGA,15,2016,Berlaku,
D0319,"Peraturan Arsip Nasional Nomor 16 Tahun 2016,""PERATURAN BADAN/LEMBAGA",PERATURAN BADAN/LEMBAGA,16,2016,Berlaku,
D0320,"Peraturan Arsip Nasional Nomor 17 Tahun 2016,""PERATURAN BADAN/LEMBAGA",PERATURAN BADAN/LEMBAGA,17,2016,Berlaku,
D0321,"Peraturan Arsip Nasional Nomor 18 Tahun 2016,""PERATURAN BADAN/LEMBAGA",PERATURAN BADAN/LEMBAGA,18,2016,Berlaku,
D0322,"Peraturan Arsip Nasional Nomor 19 Tahun 2016,""PERATURAN BADAN/LEMBAGA",PERATURAN BADAN/LEMBAGA,19,2016,Berlaku,
D0323,"Peraturan Arsip Nasional Nomor 20 Tahun 2016,""PERATURAN BADAN/LEMBAGA",PERATURAN BADAN/LEMBAGA,20,2016,Berlaku,
D0324,"Peraturan Arsip Nasional Nomor 21 Tahun 2016,""PERATURAN BADAN/LEMBAGA",PERATURAN BADAN/LEMBAGA,21,2016,Berlaku,
D0325,"Peraturan Arsip Nasional Nomor 22 Tahun 2016,""PERATURAN BADAN/LEMBAGA",PERATURAN BADAN/LEMBAGA,22,2016,Berlaku,
D0326,"Peraturan Arsip Nasional Nomor 24 Tahun 2016,""PERATURAN BADAN/LEMBAGA",PERATURAN BADAN/LEMBAGA,24,2016,Berlaku,
D0327,"Peraturan Komisi Pemberantasan Korupsi Nomor 03 Tahun 2016,""PERATURAN BADAN/LEMBAGA",PERATURAN BADAN/LEMBAGA,03,2016,Berlaku,
D0328,"Peraturan Arsip Nasional Nomor 23 Tahun 2016,""PERATURAN BADAN/LEMBAGA",PERATURAN BADAN/LEMBAGA,23,2016,Berlaku,
D0329,"Peraturan Arsip Nasional Nomor 33 Tahun 2016,""PERATURAN BADAN/LEMBAGA",PERATURAN BADAN/LEMBAGA,33,2016,Berlaku,
D0330,"Peraturan Arsip Nasional Nomor 34 Tahun 2016,""PERATURAN BADAN/LEMBAGA",PERATURAN BADAN/LEMBAGA,34,2016,Berlaku,
D0331,"Peraturan Komisi Pemilihan Umum Nomor 17 Tahun 2016,""PERATURAN BADAN/LEMBAGA",PERATURAN BADAN/LEMBAGA,17,2016,Berlaku,
D0332,"Peraturan Arsip Nasional Nomor 35 Tahun 2016,""PERATURAN BADAN/LEMBAGA",PERATURAN BADAN/LEMBAGA,35,2016,Berlaku,
D0333,"Peraturan Arsip Nasional Nomor 2 Tahun 2016,""PERATURAN BADAN/LEMBAGA",PERATURAN BADAN/LEMBAGA,2,2016,Berlaku,
D0334,"Peraturan Arsip Nasional Nomor 37 Tahun 2016,""PERATURAN BADAN/LEMBAGA",PERATURAN BADAN/LEMBAGA,37,2016,Berlaku,
D0335,"Peraturan Arsip Nasional Nomor 38 Tahun 2016,""PERATURAN BADAN/LEMBAGA",PERATURAN BADAN/LEMBAGA,38,2016,Berlaku,
D0336,"Peraturan Komisi Pemberantasan Korupsi Nomor 09 Tahun 2016,""PERATURAN BADAN/LEMBAGA",PERATURAN BADAN/LEMBAGA,09,2016,Berlaku,
D0337,"Peraturan Arsip Nasional Nomor 36 Tahun 2016,""PERATURAN BADAN/LEMBAGA",PERATURAN BADAN/LEMBAGA,36,2016,Berlaku,
D0338,"Peraturan Arsip Nasional Nomor 26 Tahun 2016,""PERATURAN BADAN/LEMBAGA",PERATURAN BADAN/LEMBAGA,26,2016,Berlaku,
D0339,"Peraturan Arsip Nasional Nomor 25 Tahun 2016,""PERATURAN BADAN/LEMBAGA",PERATURAN BADAN/LEMBAGA,25,2016,Berlaku,
D0340,"Peraturan Arsip Nasional Nomor 27 Tahun 2016,""PERATURAN BADAN/LEMBAGA",PERATURAN BADAN/LEMBAGA,27,2016,Berlaku,
D0341,"Peraturan Arsip Nasional Nomor 28 Tahun 2016,""PERATURAN BADAN/LEMBAGA",PERATURAN BADAN/LEMBAGA,28,2016,Berlaku,
D0342,"Peraturan Arsip Nasional Nomor 29 Tahun 2016,""PERATURAN BADAN/LEMBAGA",PERATURAN BADAN/LEMBAGA,29,2016,Berlaku,
D0343,"Peraturan Arsip Nasional Nomor 31 Tahun 2016,""PERATURAN BADAN/LEMBAGA",PERATURAN BADAN/LEMBAGA,31,2016,Berlaku,
D0344,"Peraturan Arsip Nasional Nomor 30 Tahun 2016,""PERATURAN BADAN/LEMBAGA",PERATURAN BADAN/LEMBAGA,30,2016,Berlaku,
D0345,"Peraturan Arsip Nasional Nomor 32 Tahun 2016,""PERATURAN BADAN/LEMBAGA",PERATURAN BADAN/LEMBAGA,32,2016,Berlaku,
D0346,"Peraturan Arsip Nasional Nomor 1 Tahun 2016,""PERATURAN BADAN/LEMBAGA",PERATURAN BADAN/LEMBAGA,1,2016,Berlaku,
D0347,"Peraturan Badan Kepegawaian Negara Nomor 24 Tahun 2016,""PERATURAN BADAN/LEMBAGA",PERATURAN BADAN/LEMBAGA,24,2016,Berlaku,
D0348,"Peraturan Daerah Kota Bandung Nomor 3 Tahun 2016,""PERATURAN DAERAH",PERATURAN DAERAH,3,2016,Berlaku,
D0349,"Peraturan Menteri Koperasi dan UKM Nomor 03/PER/M.KUKM/III/2015 Tahun 2015,""PERATURAN MENTERI",PERATURAN MENTERI,03/PER/M.KUKM/III/2015,2015,Berlaku,
D0350,"Peraturan Menteri Perencanaan Pembangunan Nasional / Badan Perencanaan Pembangunan Nasional Nomor 5 Tahun 2015,""PERATURAN MENTERI",PERATURAN MENTERI,5,2015,Berlaku,
D0351,"Peraturan Menteri Perencanaan Pembangunan Nasional / Badan Perencanaan Pembangunan Nasional Nomor 6 Tahun 2015,""PERATURAN MENTERI",PERATURAN MENTERI,6,2015,Berlaku,
D0352,"Peraturan Menteri Pendayagunaan Aparatur Negara dan Reformasi Birokrasi Nomor 13 Tahun 2015,""PERATURAN MENTERI",PERATURAN MENTERI,13,2015,Dicabut,Peraturan Menteri Pendayagunaan Aparatur Negara dan Reformasi Birokrasi Nomor 24 Tahun 2018
D0353,"Peraturan Menteri Luar Negeri Nomor 4 Tahun 2015,""PERATURAN MENTERI",PERATURAN MENTERI,4,2015,Berlaku,
D0354,"Peraturan Menteri Komunikasi dan Informatika Nomor 23 Tahun 2015,""PERATURAN MENTERI",PERATURAN MENTERI,23,2015,Berlaku,
D0355,"Peraturan Menteri Luar Negeri Nomor 8 Tahun 2015,""PERATURAN MENTERI",PERATURAN MENTERI,8,2015,Dicabut,Peraturan Menteri Luar Negeri Nomor 12 Tahun 2022
D0356,"Peraturan Menteri Pemberdayaan Perempuan dan Perlindungan Anak Nomor 13 Tahun 2015,""PERATURAN MENTERI",PERATURAN MENTERI,13,2015,Dicabut,Peraturan Menteri Pemberdayaan Perempuan dan Perlindungan Anak Nomor 14 Tahun 2019
D0357,"Peraturan Arsip Nasional Nomor 14 Tahun 2015,""PERATURAN BADAN/LEMBAGA",PERATURAN BADAN/LEMBAGA,14,2015,Berlaku,
D0358,"Peraturan Arsip Nasional Nomor 22 Tahun 2015,""PERATURAN BADAN/LEMBAGA",PERATURAN BADAN/LEMBAGA,22,2015,Berlaku,
D0359,"Peraturan Arsip Nasional Nomor 23 Tahun 2015,""PERATURAN BADAN/LEMBAGA",PERATURAN BADAN/LEMBAGA,23,2015,Berlaku,
D0360,"Peraturan Arsip Nasional Nomor 18 Tahun 2015,""PERATURAN BADAN/LEMBAGA",PERATURAN BADAN/LEMBAGA,18,2015,Berlaku,
D0361,"Peraturan Perpustakaan Nasional Nomor 2 Tahun 2015,""PERATURAN BADAN/LEMBAGA",PERATURAN BADAN/LEMBAGA,2,2015,Berlaku,
D0362,"Peraturan Arsip Nasional Nomor 5 Tahun 2015,""PERATURAN BADAN/LEMBAGA",PERATURAN BADAN/LEMBAGA,5,2015,Berlaku,
D0363,"Peraturan Arsip Nasional Nomor 13 Tahun 2015,""PERATURAN BADAN/LEMBAGA",PERATURAN BADAN/LEMBAGA,13,2015,Berlaku,
D0364,"Peraturan Arsip Nasional Nomor 2 Tahun 2015,""PERATURAN BADAN/LEMBAGA",PERATURAN BADAN/LEMBAGA,2,2015,Berlaku,
D0365,"Peraturan Arsip Nasional Nomor 3 Tahun 2015,""PERATURAN BADAN/LEMBAGA",PERATURAN BADAN/LEMBAGA,3,2015,Berlaku,
D0366,"Peraturan Arsip Nasional Nomor 6 Tahun 2015,""PERATURAN BADAN/LEMBAGA",PERATURAN BADAN/LEMBAGA,6,2015,Berlaku,
D0367,"Peraturan Arsip Nasional Nomor 7 Tahun 2015,""PERATURAN BADAN/LEMBAGA",PERATURAN BADAN/LEMBAGA,7,2015,Berlaku,
D0368,"Peraturan Arsip Nasional Nomor 8 Tahun 2015,""PERATURAN BADAN/LEMBAGA",PERATURAN BADAN/LEMBAGA,8,2015,Berlaku,
D0369,"Peraturan Arsip Nasional Nomor 9 Tahun 2015,""PERATURAN BADAN/LEMBAGA",PERATURAN BADAN/LEMBAGA,9,2015,Berlaku,
D0370,"Peraturan Arsip Nasional Nomor 10 Tahun 2015,""PERATURAN BADAN/LEMBAGA",PERATURAN BADAN/LEMBAGA,10,2015,Berlaku,
D0371,"Peraturan Arsip Nasional Nomor 11 Tahun 2015,""PERATURAN BADAN/LEMBAGA",PERATURAN BADAN/LEMBAGA,11,2015,Dicabut,Peraturan Lembaga Administrasi Negara Nomor 12 Tahun 2020
D0372,"Peraturan Arsip Nasional Nomor 4 Tahun 2015,""PERATURAN BADAN/LEMBAGA",PERATURAN BADAN/LEMBAGA,4,2015,Berlaku,
D0373,"Peraturan Arsip Nasional Nomor 19 Tahun 2015,""PERATURAN BADAN/LEMBAGA",PERATURAN BADAN/LEMBAGA,19,2015,Berlaku,
D0374,"Peraturan Arsip Nasional Nomor 20 Tahun 2015,""PERATURAN BADAN/LEMBAGA",PERATURAN BADAN/LEMBAGA,20,2015,Berlaku,
D0375,"Peraturan Arsip Nasional Nomor 36 Tahun 2015,""PERATURAN BADAN/LEMBAGA",PERATURAN BADAN/LEMBAGA,36,2015,Berlaku,
D0376,"Peraturan Badan Tenaga Nuklir Nasional Nomor 6 Tahun 2015,""PERATURAN BADAN/LEMBAGA",PERATURAN BADAN/LEMBAGA,6,2015,Berlaku,
D0377,"Peraturan Arsip Nasional Nomor 12 Tahun 2015,""PERATURAN BADAN/LEMBAGA",PERATURAN BADAN/LEMBAGA,12,2015,Berlaku,
D0378,"Peraturan Arsip Nasional Nomor 26 Tahun 2015,""PERATURAN BADAN/LEMBAGA",PERATURAN BADAN/LEMBAGA,26,2015,Dicabut,Peraturan Arsip Nasional Nomor 22 Tahun 2016
D0379,"Peraturan Arsip Nasional Nomor 29 Tahun 2015,""PERATURAN BADAN/LEMBAGA",PERATURAN BADAN/LEMBAGA,29,2015,Berlaku,
D0380,"Peraturan Arsip Nasional Nomor 17 Tahun 2015,""PERATURAN BADAN/LEMBAGA",PERATURAN BADAN/LEMBAGA,17,2015,Berlaku,
D0381,"Peraturan Arsip Nasional Nomor 15 Tahun 2015,""PERATURAN BADAN/LEMBAGA",PERATURAN BADAN/LEMBAGA,15,2015,Berlaku,
D0382,"Peraturan Badan Informasi Geospasial Nomor 3 Tahun 2015,""PERATURAN BADAN/LEMBAGA",PERATURAN BADAN/LEMBAGA,3,2015,Berlaku,
D0383,"Peraturan Perpustakaan Nasional Nomor 4 Tahun 2015,""PERATURAN BADAN/LEMBAGA",PERATURAN BADAN/LEMBAGA,4,2015,Berlaku,
D0384,"Peraturan Arsip Nasional Nomor 30 Tahun 2015,""PERATURAN BADAN/LEMBAGA",PERATURAN BADAN/LEMBAGA,30,2015,Berlaku,
D0385,"Peraturan Arsip Nasional Nomor 31 Tahun 2015,""PERATURAN BADAN/LEMBAGA",PERATURAN BADAN/LEMBAGA,31,2015,Berlaku,
D0386,"Peraturan Arsip Nasional Nomor 33 Tahun 2015,""PERATURAN BADAN/LEMBAGA",PERATURAN BADAN/LEMBAGA,33,2015,Dicabut,Peraturan Arsip Nasional Nomor 9 Tahun 2022
D0387,"Peraturan Arsip Nasional Nomor 32 Tahun 2015,""PERATURAN BADAN/LEMBAGA",PERATURAN BADAN/LEMBAGA,32,2015,Dicabut,Peraturan Arsip Nasional Nomor 10 Tahun 2018
D0388,"Peraturan Arsip Nasional Nomor 1 Tahun 2015,""PERATURAN BADAN/LEMBAGA",PERATURAN BADAN/LEMBAGA,1,2015,Berlaku,
D0389,"Peraturan Arsip Nasional Nomor 16 Tahun 2015,""PERATURAN BADAN/LEMBAGA",PERATURAN BADAN/LEMBAGA,16,2015,Berlaku,
D0390,"Peraturan Arsip Nasional Nomor 28 Tahun 2015,""PERATURAN BADAN/LEMBAGA",PERATURAN BADAN/LEMBAGA,28,2015,Berlaku,
D0391,"Peraturan Arsip Nasional Nomor 24 Tahun 2015,""PERATURAN BADAN/LEMBAGA",PERATURAN BADAN/LEMBAGA,24,2015,Berlaku,
D0392,"Peraturan Arsip Nasional Nomor 34 Tahun 2015,""PERATURAN BADAN/LEMBAGA",PERATURAN BADAN/LEMBAGA,34,2015,Berlaku,
D0393,"Peraturan Arsip Nasional Nomor 35 Tahun 2015,""PERATURAN BADAN/LEMBAGA",PERATURAN BADAN/LEMBAGA,35,2015,Dicabut,Peraturan Arsip Nasional Nomor 7 Tahun 2018
D0394,"Peraturan Arsip Nasional Nomor 26 Tahun 2015,""PERATURAN BADAN/LEMBAGA",PERATURAN BADAN/LEMBAGA,26,2015,Dicabut,Peraturan Arsip Nasional Nomor 22 Tahun 2016
D0395,"Peraturan Arsip Nasional Nomor 27 Tahun 2015,""PERATURAN BADAN/LEMBAGA",PERATURAN BADAN/LEMBAGA,27,2015,Dicabut,Peraturan Arsip Nasional Nomor 22 Tahun 2016
D0396,"Peraturan Arsip Nasional Nomor 39 Tahun 2015,""PERATURAN BADAN/LEMBAGA",PERATURAN BADAN/LEMBAGA,39,2015,Berlaku,
D0397,"Peraturan Arsip Nasional Nomor 40 Tahun 2015,""PERATURAN BADAN/LEMBAGA",PERATURAN BADAN/LEMBAGA,40,2015,Berlaku,
D0398,"Peraturan Arsip Nasional Nomor 41 Tahun 2015,""PERATURAN BADAN/LEMBAGA",PERATURAN BADAN/LEMBAGA,41,2015,Berlaku,
D0399,"Peraturan Badan Pengawas Pemilihan Umum Nomor 16 Tahun 2015,""PERATURAN BADAN/LEMBAGA",PERATURAN BADAN/LEMBAGA,16,2015,Berlaku,
D0400,"Peraturan Badan Nasional Penanggulangan Bencana Nomor 02 Tahun 2015,""PERATURAN BADAN/LEMBAGA",PERATURAN BADAN/LEMBAGA,02,2015,Berlaku,
D0401,"Peraturan Arsip Nasional Nomor 25 Tahun 2015,""PERATURAN BADAN/LEMBAGA",PERATURAN BADAN/LEMBAGA,25,2015,Berlaku,
D0402,"Peraturan Arsip Nasional Nomor 38 Tahun 2015,""PERATURAN BADAN/LEMBAGA",PERATURAN BADAN/LEMBAGA,38,2015,Dicabut,Peraturan Arsip Nasional Nomor 6 Tahun 2019
D0403,"Peraturan Arsip Nasional Nomor 42 Tahun 2015,""PERATURAN BADAN/LEMBAGA",PERATURAN BADAN/LEMBAGA,42,2015,Berlaku,
D0404,"Peraturan Lembaga Administrasi Negara Nomor 42 Tahun 2015,""PERATURAN BADAN/LEMBAGA",PERATURAN BADAN/LEMBAGA,42,2015,Berlaku,
D0405,"Peraturan Arsip Nasional Nomor 46 Tahun 2015,""PERATURAN BADAN/LEMBAGA",PERATURAN BADAN/LEMBAGA,46,2015,Berlaku,
D0406,"Peraturan Arsip Nasional Nomor 47 Tahun 2015,""PERATURAN BADAN/LEMBAGA",PERATURAN BADAN/LEMBAGA,47,2015,Dicabut,Peraturan Arsip Nasional Nomor 8 Tahun 2022
D0407,"Peraturan Arsip Nasional Nomor 48 Tahun 2015,""PERATURAN BADAN/LEMBAGA",PERATURAN BADAN/LEMBAGA,48,2015,Berlaku,
D0408,"Peraturan Arsip Nasional Nomor 49 Tahun 2015,""PERATURAN BADAN/LEMBAGA",PERATURAN BADAN/LEMBAGA,49,2015,Berlaku,
D0409,"Peraturan Arsip Nasional Nomor 50 Tahun 2015,""PERATURAN BADAN/LEMBAGA",PERATURAN BADAN/LEMBAGA,50,2015,Berlaku,
D0410,"Peraturan Arsip Nasional Nomor 51 Tahun 2015,""PERATURAN BADAN/LEMBAGA",PERATURAN BADAN/LEMBAGA,51,2015,Berlaku,
D0411,"Peraturan Arsip Nasional Nomor 52 Tahun 2015,""PERATURAN BADAN/LEMBAGA",PERATURAN BADAN/LEMBAGA,52,2015,Berlaku,
D0412,"Peraturan Badan Pengawasan Keuangan dan Pembangunan Nomor 18 Tahun 2015,""PERATURAN BADAN/LEMBAGA",PERATURAN BADAN/LEMBAGA,18,2015,Berlaku,
D0413,"Peraturan Daerah Kota Tasikmalaya Nomor 5 Tahun 2015,""PERATURAN DAERAH",PERATURAN DAERAH,5,2015,Berlaku,
D0414,"Peraturan Daerah Kota Pangkal Pinang Nomor 3 Tahun 2015,""PERATURAN DAERAH",PERATURAN DAERAH,3,2015,Berlaku,
D0415,"Peraturan Daerah Kabupaten Indramayu Nomor 4 Tahun 2015,""PERATURAN DAERAH",PERATURAN DAERAH,4,2015,Berlaku,
D0416,"Peraturan Presiden Nomor 121 Tahun 2015,""PERATURAN PRESIDEN",PERATURAN PRESIDEN,121,2015,Berlaku,
D0417,"Peraturan Menteri Komunikasi dan Informatika Nomor 12 Tahun 2014,""PERATURAN MENTERI",PERATURAN MENTERI,12,2014,Berlaku,
D0418,"Peraturan Menteri Energi Dan Sumber Daya Mineral Nomor 13 Tahun 2014,""PERATURAN MENTERI",PERATURAN MENTERI,13,2014,Unknown,
D0419,"Peraturan Menteri Energi Dan Sumber Daya Mineral Nomor 14 Tahun 2014,""PERATURAN MENTERI",PERATURAN MENTERI,14,2014,Unknown,
D0420,"Peraturan Menteri Energi Dan Sumber Daya Mineral Nomor 15 Tahun 2014,""PERATURAN MENTERI",PERATURAN MENTERI,15,2014,Unknown,
D0421,"Peraturan Menteri Energi Dan Sumber Daya Mineral Nomor 16 Tahun 2014,""PERATURAN MENTERI",PERATURAN MENTERI,16,2014,Unknown,
D0422,"Peraturan Menteri Kehutanan Nomor P.45/MENHUT-II/2014 Tahun 2014,""PERATURAN MENTERI",PERATURAN MENTERI,P.45/MENHUT-II/2014,2014,Dicabut,Peraturan Menteri Lingkungan Hidup dan Kehutanan Nomor P.21/MENLHK/SETJEN/KUM.1/3/2017 Tahun 2017
D0423,"Peraturan Menteri Koordinator Bidang Kesejahteraan Rakyat Nomor 04 Tahun 2014,""PERATURAN MENTERI",PERATURAN MENTERI,04,2014,Berlaku,
D0424,"Peraturan Menteri Kelautan dan Perikanan Nomor 50/PERMEN-KP/2014 Tahun 2014,""PERATURAN MENTERI",PERATURAN MENTERI,50/PERMEN-KP/2014,2014,Berlaku,
D0425,"Peraturan Menteri Kelautan dan Perikanan Nomor 53/PERMEN-KP/2014 Tahun 2014,""PERATURAN MENTERI",PERATURAN MENTERI,53/PERMEN-KP/2014,2014,Berlaku,
D0426,"Peraturan Menteri Keuangan Nomor 276/PMK.01/2014 Tahun 2014,""PERATURAN MENTERI",PERATURAN MENTERI,276/PMK.01/2014,2014,Berlaku,
D0427,"Peraturan Menteri Koordinator Bidang Kesejahteraan Rakyat Nomor 5 Tahun 2014,""PERATURAN MENTERI",PERATURAN MENTERI,5,2014,Berlaku,
D0428,"Peraturan Menteri Koordinator Bidang Politik, Hukum, Dan Keamanan Nomor 15 Tahun 2014,""PERATURAN MENTERI",PERATURAN MENTERI,15,2014,Berlaku,
D0429,"Peraturan Menteri Koordinator Bidang Politik, Hukum, Dan Keamanan Nomor 16 Tahun 2014,""PERATURAN MENTERI",PERATURAN MENTERI,16,2014,Berlaku,
D0430,"Peraturan Menteri Pendayagunaan Aparatur Negara dan Reformasi Birokrasi Nomor 21 Tahun 2014,""PERATURAN MENTERI",PERATURAN MENTERI,21,2014,Berlaku,
D0431,"Peraturan Menteri Perhubungan Nomor PM92 Tahun 2014,""PERATURAN MENTERI",PERATURAN MENTERI,PM92,2014,Berlaku,
D0432,"Peraturan Menteri Pertahanan Nomor 43 Tahun 2014,""PERATURAN MENTERI",PERATURAN MENTERI,43,2014,Berlaku,
D0433,"Peraturan Menteri Pemberdayaan Perempuan dan Perlindungan Anak Nomor 3 Tahun 2014,""PERATURAN MENTERI",PERATURAN MENTERI,3,2014,Dicabut,Peraturan Menteri Pemberdayaan Perempuan dan Perlindungan Anak Nomor 4 Tahun 2016
D0434,"Peraturan Menteri Pendayagunaan Aparatur Negara dan Reformasi Birokrasi Nomor 48 Tahun 2014,""PERATURAN MENTERI",PERATURAN MENTERI,48,2014,Berlaku,
D0435,"Peraturan Menteri Perhubungan Nomor PM.92 Tahun 2014,""PERATURAN MENTERI",PERATURAN MENTERI,PM.92,2014,Berlaku,
D0436,"Peraturan Komisi Pemilihan Umum Nomor 11 Tahun 2014,""PERATURAN BADAN/LEMBAGA",PERATURAN BADAN/LEMBAGA,11,2014,Berlaku,
D0437,"Peraturan Lembaga Ilmu Pengetahuan Indonesia Nomor 06 Tahun 2014,""PERATURAN BADAN/LEMBAGA",PERATURAN BADAN/LEMBAGA,06,2014,Berlaku,
D0438,"Peraturan Badan Nasional Penanggulangan Bencana Nomor 1 Tahun 2014,""PERATURAN BADAN/LEMBAGA",PERATURAN BADAN/LEMBAGA,1,2014,Dicabut,Peraturan Badan Nasional Penanggulangan Bencana Nomor 1 Tahun 2021
D0439,"Peraturan Badan Nasional Penanggulangan Bencana Nomor 5 Tahun 2014,""PERATURAN BADAN/LEMBAGA",PERATURAN BADAN/LEMBAGA,5,2014,Dicabut,Peraturan Badan Nasional Penanggulangan Bencana Nomor 1 Tahun 2021
D0440,"Peraturan Badan Meteorologi,Klimatologi,dan Geofisika Nomor 2 Tahun 2014,""PERATURAN BADAN/LEMBAGA",PERATURAN BADAN/LEMBAGA,2,2014,Berlaku,
D0441,"Peraturan Arsip Nasional Nomor 1 Tahun 2014,""PERATURAN BADAN/LEMBAGA",PERATURAN BADAN/LEMBAGA,1,2014,Berlaku,
D0442,"Peraturan Badan Narkotika Nasional Nomor 9 Tahun 2014,""PERATURAN BADAN/LEMBAGA",PERATURAN BADAN/LEMBAGA,9,2014,Berlaku,
D0443,"Peraturan Arsip Nasional Nomor 3 Tahun 2014,""PERATURAN BADAN/LEMBAGA",PERATURAN BADAN/LEMBAGA,3,2014,Berlaku,
D0444,"Peraturan Arsip Nasional Nomor 4 Tahun 2014,""PERATURAN BADAN/LEMBAGA",PERATURAN BADAN/LEMBAGA,4,2014,Berlaku,
D0445,"Peraturan Arsip Nasional Nomor 11 Tahun 2014,""PERATURAN BADAN/LEMBAGA",PERATURAN BADAN/LEMBAGA,11,2014,Berlaku,
D0446,"Peraturan Arsip Nasional Nomor 16 Tahun 2014,""PERATURAN BADAN/LEMBAGA",PERATURAN BADAN/LEMBAGA,16,2014,Dicabut,Peraturan Arsip Nasional Nomor 6 Tahun 2022
D0447,"Peraturan Arsip Nasional Nomor 2 Tahun 2014,""PERATURAN BADAN/LEMBAGA",PERATURAN BADAN/LEMBAGA,2,2014,Berlaku,
D0448,"Peraturan Arsip Nasional Nomor 10 Tahun 2014,""PERATURAN BADAN/LEMBAGA",PERATURAN BADAN/LEMBAGA,10,2014,Dicabut,Peraturan Arsip Nasional Nomor 10 Tahun 2016
D0449,"Peraturan Arsip Nasional Nomor 12 Tahun 2014,""PERATURAN BADAN/LEMBAGA",PERATURAN BADAN/LEMBAGA,12,2014,Berlaku,
D0450,"Peraturan Arsip Nasional Nomor 13 Tahun 2014,""PERATURAN BADAN/LEMBAGA",PERATURAN BADAN/LEMBAGA,13,2014,Berlaku,
D0451,"Peraturan Arsip Nasional Nomor 14 Tahun 2014,""PERATURAN BADAN/LEMBAGA",PERATURAN BADAN/LEMBAGA,14,2014,Dicabut,Peraturan Arsip Nasional Nomor 6 Tahun 2022
D0452,"Peraturan Arsip Nasional Nomor 17 Tahun 2014,""PERATURAN BADAN/LEMBAGA",PERATURAN BADAN/LEMBAGA,17,2014,Berlaku,
D0453,"Peraturan Arsip Nasional Nomor 18 Tahun 2014,""PERATURAN BADAN/LEMBAGA",PERATURAN BADAN/LEMBAGA,18,2014,Berlaku,
D0454,"Peraturan Arsip Nasional Nomor 20 Tahun 2014,""PERATURAN BADAN/LEMBAGA",PERATURAN BADAN/LEMBAGA,20,2014,Berlaku,
D0455,"Peraturan Arsip Nasional Nomor 7 Tahun 2014,""PERATURAN BADAN/LEMBAGA",PERATURAN BADAN/LEMBAGA,7,2014,Berlaku,
D0456,"Peraturan Badan Meteorologi,Klimatologi,dan Geofisika Nomor 18 Tahun 2014,""PERATURAN BADAN/LEMBAGA",PERATURAN BADAN/LEMBAGA,18,2014,Berlaku,
D0457,"Peraturan Badan Narkotika Nasional Nomor 7 Tahun 2014,""PERATURAN BADAN/LEMBAGA",PERATURAN BADAN/LEMBAGA,7,2014,Berlaku,
D0458,"Peraturan Badan Narkotika Nasional Nomor 8 Tahun 2014,""PERATURAN BADAN/LEMBAGA",PERATURAN BADAN/LEMBAGA,8,2014,Berlaku,
D0459,"Peraturan Badan Pengawas Pemilihan Umum Nomor 21 Tahun 2014,""PERATURAN BADAN/LEMBAGA",PERATURAN BADAN/LEMBAGA,21,2014,Berlaku,
D0460,"Peraturan Arsip Nasional Nomor 5 Tahun 2014,""PERATURAN BADAN/LEMBAGA",PERATURAN BADAN/LEMBAGA,5,2014,Berlaku,
D0461,"Peraturan Arsip Nasional Nomor 9 Tahun 2014,""PERATURAN BADAN/LEMBAGA",PERATURAN BADAN/LEMBAGA,9,2014,Berlaku,
D0462,"Peraturan Arsip Nasional Nomor 6 Tahun 2014,""PERATURAN BADAN/LEMBAGA",PERATURAN BADAN/LEMBAGA,6,2014,Berlaku,
D0463,"Peraturan Pusat Pelaporan dan Analisis Transaksi Keuangan Nomor PER06/1.01/PPATK/06/14 Tahun 2014,""PERATURAN BADAN/LEMBAGA",PERATURAN BADAN/LEMBAGA,PER06/1.01/PPATK/06/14,2014,Berlaku,
D0464,"Peraturan Arsip Nasional Nomor 19 Tahun 2014,""PERATURAN BADAN/LEMBAGA",PERATURAN BADAN/LEMBAGA,19,2014,Berlaku,
D0465,"Peraturan Arsip Nasional Nomor 8 Tahun 2014,""PERATURAN BADAN/LEMBAGA",PERATURAN BADAN/LEMBAGA,8,2014,Berlaku,
D0466,"Peraturan Arsip Nasional Nomor 23 Tahun 2014,""PERATURAN BADAN/LEMBAGA",PERATURAN BADAN/LEMBAGA,23,2014,Berlaku,
D0467,"Peraturan Arsip Nasional Nomor 22 Tahun 2014,""PERATURAN BADAN/LEMBAGA",PERATURAN BADAN/LEMBAGA,22,2014,Berlaku,
D0468,"Peraturan Arsip Nasional Nomor 21 Tahun 2014,""PERATURAN BADAN/LEMBAGA",PERATURAN BADAN/LEMBAGA,21,2014,Berlaku,
D0469,"Peraturan Daerah Provinsi Sumatera Selatan Nomor 18 Tahun 2014,""PERATURAN DAERAH",PERATURAN DAERAH,18,2014,Berlaku,
D0470,"Peraturan Daerah Provinsi Banten Nomor 4 Tahun 2014,""PERATURAN DAERAH",PERATURAN DAERAH,4,2014,Berlaku,
D0471,"Peraturan Pemerintah Nomor 63 Tahun 2014,""PERATURAN PEMERINTAH",PERATURAN PEMERINTAH,63,2014,Dicabut,Peraturan Pemerintah Nomor 53 Tahun 2019
D0472,"Peraturan Menteri Perhubungan Nomor PM.94 Tahun 2013,""PERATURAN MENTERI",PERATURAN MENTERI,PM.94,2013,Berlaku,
D0473,"Peraturan Menteri Sosial Nomor 11 Tahun 2013,""PERATURAN MENTERI",PERATURAN MENTERI,11,2013,Berlaku,
D0474,"Peraturan Menteri Pendayagunaan Aparatur Negara dan Reformasi Birokrasi Nomor 41 Tahun 2013,""PERATURAN MENTERI",PERATURAN MENTERI,41,2013,Berlaku,
D0475,"Peraturan Menteri Pendayagunaan Aparatur Negara dan Reformasi Birokrasi Nomor 42 Tahun 2013,""PERATURAN MENTERI",PERATURAN MENTERI,42,2013,Berlaku,
D0476,"Peraturan Menteri Energi Dan Sumber Daya Mineral Nomor 26 Tahun 2013,""PERATURAN MENTERI",PERATURAN MENTERI,26,2013,Unknown,
D0477,"Peraturan Menteri Kehutanan Nomor P.33/MENHUT-II/2013 Tahun 2013,""PERATURAN MENTERI",PERATURAN MENTERI,P.33/MENHUT-II/2013,2013,Dicabut,Peraturan Menteri Lingkungan Hidup dan Kehutanan Nomor P.24/MENLHK/SETJEN/KUM.1/4/2017 Tahun 2017
D0478,"Peraturan Menteri Kehutanan Nomor P.35/MENHUT-II/2013 Tahun 2013,""PERATURAN MENTERI",PERATURAN MENTERI,P.35/MENHUT-II/2013,2013,Berlaku,
D0479,"Peraturan Menteri Hukum dan Hak Asasi Manusia Nomor 4 Tahun 2013,""PERATURAN MENTERI",PERATURAN MENTERI,4,2013,Berlaku,
D0480,"Peraturan Menteri Hukum dan Hak Asasi Manusia Nomor 35 Tahun 2013,""PERATURAN MENTERI",PERATURAN MENTERI,35,2013,Berlaku,
D0481,"Peraturan Menteri Pendayagunaan Aparatur Negara dan Reformasi Birokrasi Nomor 43 Tahun 2013,""PERATURAN MENTERI",PERATURAN MENTERI,43,2013,Berlaku,
D0482,"Peraturan Komisi Pemilihan Umum Nomor 18 Tahun 2013,""PERATURAN BADAN/LEMBAGA",PERATURAN BADAN/LEMBAGA,18,2013,Dicabut,Peraturan Komisi Pemilihan Umum Nomor 17 Tahun 2016
D0483,"Peraturan Badan Tenaga Nuklir Nasional Nomor 230/KA/XII/2012 Tahun 2013,""PERATURAN BADAN/LEMBAGA",PERATURAN BADAN/LEMBAGA,230/KA/XII/2012,2013,Berlaku,
D0484,"Peraturan Badan Narkotika Nasional Nomor 5 Tahun 2013,""PERATURAN BADAN/LEMBAGA",PERATURAN BADAN/LEMBAGA,5,2013,Berlaku,
D0485,"Peraturan Kepala Badan Pusat Statistik Nomor 63 Tahun 2013,""PERATURAN BADAN/LEMBAGA",PERATURAN BADAN/LEMBAGA,63,2013,Dicabut,Peraturan Kepala Badan Pusat Statistik Nomor 1 Tahun 2019
D0486,"Peraturan Arsip Nasional Nomor 1 Tahun 2013,""PERATURAN BADAN/LEMBAGA",PERATURAN BADAN/LEMBAGA,1,2013,Berlaku,
D0487,"Peraturan Arsip Nasional Nomor 2 Tahun 2013,""PERATURAN BADAN/LEMBAGA",PERATURAN BADAN/LEMBAGA,2,2013,Berlaku,
D0488,"Peraturan Arsip Nasional Nomor 3 Tahun 2013,""PERATURAN BADAN/LEMBAGA",PERATURAN BADAN/LEMBAGA,3,2013,Berlaku,
D0489,"Peraturan Arsip Nasional Nomor 4 Tahun 2013,""PERATURAN BADAN/LEMBAGA",PERATURAN BADAN/LEMBAGA,4,2013,Berlaku,
D0490,"Peraturan Arsip Nasional Nomor 5 Tahun 2013,""PERATURAN BADAN/LEMBAGA",PERATURAN BADAN/LEMBAGA,5,2013,Berlaku,
D0491,"Peraturan Arsip Nasional Nomor 6 Tahun 2013,""PERATURAN BADAN/LEMBAGA",PERATURAN BADAN/LEMBAGA,6,2013,Berlaku,
D0492,"Peraturan Badan Nasional Penanggulangan Bencana Nomor 2 Tahun 2013,""PERATURAN BADAN/LEMBAGA",PERATURAN BADAN/LEMBAGA,2,2013,Berlaku,
D0493,"Peraturan Arsip Nasional Nomor 12 Tahun 2013,""PERATURAN BADAN/LEMBAGA",PERATURAN BADAN/LEMBAGA,12,2013,Berlaku,
D0494,"Peraturan Daerah Kabupaten Tanjung Jabung Timur Nomor 15 Tahun 2013,""PERATURAN DAERAH",PERATURAN DAERAH,15,2013,Berlaku,
D0495,"Peraturan Daerah Kabupaten Garut Nomor 6 Tahun 2013,""PERATURAN DAERAH",PERATURAN DAERAH,6,2013,Berlaku,
D0496,"Peraturan Daerah Kabupaten Badung Nomor 22 Tahun 2013,""PERATURAN DAERAH",PERATURAN DAERAH,22,2013,Berlaku,
D0497,"Peraturan Menteri Komunikasi dan Informatika Nomor 13 Tahun 2012,""PERATURAN MENTERI",PERATURAN MENTERI,13,2012,Berlaku,
D0498,"Peraturan Menteri Kesehatan Nomor 30 Tahun 2012,""PERATURAN MENTERI",PERATURAN MENTERI,30,2012,Berlaku,
D0499,"Peraturan Menteri Dalam Negeri Nomor 78 Tahun 2012,""PERATURAN MENTERI",PERATURAN MENTERI,78,2012,Berlaku,
D0500,"Peraturan Menteri Negara Perumahan Rakyat Nomor 30 Tahun 2012,""PERATURAN MENTERI",PERATURAN MENTERI,30,2012,Berlaku,
D0501,"Peraturan Menteri Negara Perumahan Rakyat Nomor 31 Tahun 2012,""PERATURAN MENTERI",PERATURAN MENTERI,31,2012,Berlaku,
D0502,"Peraturan Menteri Pariwisata dan Ekonomi Kreatif Nomor PM.134/UM.001/MPEK/2012 Tahun 2012,""PERATURAN MENTERI",PERATURAN MENTERI,PM.134/UM.001/MPEK/2012,2012,Dicabut,Peraturan Menteri Pariwisata Nomor 15 Tahun 2019
D0503,"Peraturan Menteri Pendidikan dan Kebudayaan Nomor 60 Tahun 2012,""PERATURAN MENTERI",PERATURAN MENTERI,60,2012,Berlaku,
D0504,"Peraturan Menteri Pertahanan Nomor 5 Tahun 2012,""PERATURAN MENTERI",PERATURAN MENTERI,5,2012,Berlaku,
D0505,"Peraturan Menteri Koordinator Bidang Kesejahteraan Rakyat Nomor 1 Tahun 2012,""PERATURAN MENTERI",PERATURAN MENTERI,1,2012,Berlaku,
D0506,"Peraturan Menteri Koordinator Bidang Kesejahteraan Rakyat Nomor 2 Tahun 2012,""PERATURAN MENTERI",PERATURAN MENTERI,2,2012,Berlaku,
D0507,"Peraturan Menteri Hukum dan Hak Asasi Manusia Nomor 6 Tahun 2012,""PERATURAN MENTERI",PERATURAN MENTERI,6,2012,Berlaku,
D0508,"Peraturan Menteri Sosial Nomor 31 Tahun 2012,""PERATURAN MENTERI",PERATURAN MENTERI,31,2012,Dicabut,Peraturan Menteri Sosial Nomor 7 Tahun 2016
D0509,"Peraturan Badan Meteorologi,Klimatologi,dan Geofisika Nomor KEP.10 Tahun 2012,""PERATURAN BADAN/LEMBAGA",PERATURAN BADAN/LEMBAGA,KEP.10,2012,Dicabut,"Peraturan Badan Meteorologi,Klimatologi,dan Geofisika Nomor 5 Tahun 2018"
D0510,"Peraturan Komisi Pemilihan Umum Nomor 3 Tahun 2012,""PERATURAN BADAN/LEMBAGA",PERATURAN BADAN/LEMBAGA,3,2012,Berlaku,
D0511,"Peraturan Arsip Nasional Nomor 03 Tahun 2012,""PERATURAN BADAN/LEMBAGA",PERATURAN BADAN/LEMBAGA,03,2012,Berlaku,
D0512,"Peraturan Arsip Nasional Nomor 04 Tahun 2012,""PERATURAN BADAN/LEMBAGA",PERATURAN BADAN/LEMBAGA,04,2012,Berlaku,
D0513,"Peraturan Arsip Nasional Nomor 09 Tahun 2012,""PERATURAN BADAN/LEMBAGA",PERATURAN BADAN/LEMBAGA,09,2012,Berlaku,
D0514,"Peraturan Arsip Nasional Nomor 12 Tahun 2012,""PERATURAN BADAN/LEMBAGA",PERATURAN BADAN/LEMBAGA,12,2012,Berlaku,
D0515,"Peraturan Arsip Nasional Nomor 13 Tahun 2012,""PERATURAN BADAN/LEMBAGA",PERATURAN BADAN/LEMBAGA,13,2012,Berlaku,
D0516,"Peraturan Arsip Nasional Nomor 15 Tahun 2012,""PERATURAN BADAN/LEMBAGA",PERATURAN BADAN/LEMBAGA,15,2012,Berlaku,
D0517,"Peraturan Arsip Nasional Nomor 17 Tahun 2012,""PERATURAN BADAN/LEMBAGA",PERATURAN BADAN/LEMBAGA,17,2012,Dicabut,Peraturan Arsip Nasional Nomor 37 Tahun 2016
D0518,"Peraturan Arsip Nasional Nomor 19 Tahun 2012,""PERATURAN BADAN/LEMBAGA",PERATURAN BADAN/LEMBAGA,19,2012,Berlaku,
D0519,"Peraturan Arsip Nasional Nomor 21 Tahun 2012,""PERATURAN BADAN/LEMBAGA",PERATURAN BADAN/LEMBAGA,21,2012,Berlaku,
D0520,"Peraturan Arsip Nasional Nomor 22 Tahun 2012,""PERATURAN BADAN/LEMBAGA",PERATURAN BADAN/LEMBAGA,22,2012,Berlaku,
D0521,"Peraturan Arsip Nasional Nomor 23 Tahun 2012,""PERATURAN BADAN/LEMBAGA",PERATURAN BADAN/LEMBAGA,23,2012,Berlaku,
D0522,"Peraturan Arsip Nasional Nomor 24 Tahun 2012,""PERATURAN BADAN/LEMBAGA",PERATURAN BADAN/LEMBAGA,24,2012,Berlaku,
D0523,"Peraturan Arsip Nasional Nomor 25 Tahun 2012,""PERATURAN BADAN/LEMBAGA",PERATURAN BADAN/LEMBAGA,25,2012,Dicabut,Peraturan Arsip Nasional Nomor 37 Tahun 2016
D0524,"Peraturan Arsip Nasional Nomor 26 Tahun 2012,""PERATURAN BADAN/LEMBAGA",PERATURAN BADAN/LEMBAGA,26,2012,Berlaku,
D0525,"Peraturan Arsip Nasional Nomor 27 Tahun 2012,""PERATURAN BADAN/LEMBAGA",PERATURAN BADAN/LEMBAGA,27,2012,Berlaku,
D0526,"Peraturan Arsip Nasional Nomor 28 Tahun 2012,""PERATURAN BADAN/LEMBAGA",PERATURAN BADAN/LEMBAGA,28,2012,Dicabut,Peraturan Arsip Nasional Nomor 19 Tahun 2017
D0527,"Peraturan Arsip Nasional Nomor 29 Tahun 2012,""PERATURAN BADAN/LEMBAGA",PERATURAN BADAN/LEMBAGA,29,2012,Berlaku,
D0528,"Peraturan Arsip Nasional Nomor 30 Tahun 2012,""PERATURAN BADAN/LEMBAGA",PERATURAN BADAN/LEMBAGA,30,2012,Berlaku,
D0529,"Peraturan Arsip Nasional Nomor 31 Tahun 2012,""PERATURAN BADAN/LEMBAGA",PERATURAN BADAN/LEMBAGA,31,2012,Berlaku,
D0530,"Peraturan Arsip Nasional Nomor 32 Tahun 2012,""PERATURAN BADAN/LEMBAGA",PERATURAN BADAN/LEMBAGA,32,2012,Berlaku,
D0531,"Peraturan Arsip Nasional Nomor 33 Tahun 2012,""PERATURAN BADAN/LEMBAGA",PERATURAN BADAN/LEMBAGA,33,2012,Berlaku,
D0532,"Peraturan Arsip Nasional Nomor 35 Tahun 2012,""PERATURAN BADAN/LEMBAGA",PERATURAN BADAN/LEMBAGA,35,2012,Berlaku,
D0533,"Peraturan Arsip Nasional Nomor 36 Tahun 2012,""PERATURAN BADAN/LEMBAGA",PERATURAN BADAN/LEMBAGA,36,2012,Berlaku,
D0534,"Peraturan Arsip Nasional Nomor 37 Tahun 2012,""PERATURAN BADAN/LEMBAGA",PERATURAN BADAN/LEMBAGA,37,2012,Berlaku,
D0535,"Peraturan Arsip Nasional Nomor 7 Tahun 2012,""PERATURAN BADAN/LEMBAGA",PERATURAN BADAN/LEMBAGA,7,2012,Berlaku,
D0536,"Peraturan Badan Nasional Penanggulangan Bencana Nomor 14 Tahun 2012,""PERATURAN BADAN/LEMBAGA",PERATURAN BADAN/LEMBAGA,14,2012,Berlaku,
D0537,"Peraturan Arsip Nasional Nomor 11 Tahun 2012,""PERATURAN BADAN/LEMBAGA",PERATURAN BADAN/LEMBAGA,11,2012,Berlaku,
D0538,"Peraturan Arsip Nasional Nomor 14 Tahun 2012,""PERATURAN BADAN/LEMBAGA",PERATURAN BADAN/LEMBAGA,14,2012,Dicabut,Peraturan Arsip Nasional Nomor 6 Tahun 2021
D0539,"Peraturan Arsip Nasional Nomor 16 Tahun 2012,""PERATURAN BADAN/LEMBAGA",PERATURAN BADAN/LEMBAGA,16,2012,Berlaku,
D0540,"Peraturan Arsip Nasional Nomor 18 Tahun 2012,""PERATURAN BADAN/LEMBAGA",PERATURAN BADAN/LEMBAGA,18,2012,Berlaku,
D0541,"Peraturan Arsip Nasional Nomor 20 Tahun 2012,""PERATURAN BADAN/LEMBAGA",PERATURAN BADAN/LEMBAGA,20,2012,Berlaku,
D0542,"Peraturan Daerah Provinsi Sumatera Barat Nomor 17 Tahun 2012,""PERATURAN DAERAH",PERATURAN DAERAH,17,2012,Berlaku,
D0543,"Peraturan Pemerintah Nomor 28 Tahun 2012,""PERATURAN PEMERINTAH",PERATURAN PEMERINTAH,28,2012,Berlaku,
D0544,"Peraturan Presiden Nomor 42 Tahun 2012,""PERATURAN PRESIDEN",PERATURAN PRESIDEN,42,2012,Berlaku,
D0545,"Peraturan Presiden Nomor 114 Tahun 2012,""PERATURAN PRESIDEN",PERATURAN PRESIDEN,114,2012,Berlaku,
D0546,"Peraturan Menteri Pertahanan Nomor 18 Tahun 2011,""PERATURAN MENTERI",PERATURAN MENTERI,18,2011,Dicabut,Peraturan Menteri Pertahanan Nomor 15 Tahun 2021
D0547,"Peraturan Menteri Energi Dan Sumber Daya Mineral Nomor 18 Tahun 2011,""PERATURAN MENTERI",PERATURAN MENTERI,18,2011,Unknown,
D0548,"Peraturan Menteri Kehutanan Nomor P.51/MENHUT-II/2011 Tahun 2011,""PERATURAN MENTERI",PERATURAN MENTERI,P.51/MENHUT-II/2011,2011,Dicabut,Peraturan Menteri Lingkungan Hidup Nomor P.44/MENLHK/SETJEN/KUM.1/5/2016 Tahun 2016
D0549,"Peraturan Badan Pengawas Obat dan Makanan Nomor HK.04.1.03.11.01799 Tahun 2011,""PERATURAN BADAN/LEMBAGA",PERATURAN BADAN/LEMBAGA,HK.04.1.03.11.01799,2011,Berlaku,
D0550,"Peraturan Arsip Nasional Nomor 35 Tahun 2011,""PERATURAN BADAN/LEMBAGA",PERATURAN BADAN/LEMBAGA,35,2011,Berlaku,
D0551,"Peraturan Arsip Nasional Nomor 42 Tahun 2011,""PERATURAN BADAN/LEMBAGA",PERATURAN BADAN/LEMBAGA,42,2011,Dicabut,Peraturan Arsip Nasional Nomor 18 Tahun 2016
D0552,"Peraturan Badan Nasional Penanggulangan Bencana Nomor 18 Tahun 2011,""PERATURAN BADAN/LEMBAGA",PERATURAN BADAN/LEMBAGA,18,2011,Dicabut,Peraturan Badan Nasional Penanggulangan Bencana Nomor 1 Tahun 2021
D0553,"Peraturan Daerah Provinsi Jambi Nomor 5 Tahun 2011,""PERATURAN DAERAH",PERATURAN DAERAH,5,2011,Berlaku,
D0554,"Peraturan Daerah Provinsi Jawa Barat Nomor 18 Tahun 2011,""PERATURAN DAERAH",PERATURAN DAERAH,18,2011,Berlaku,
D0555,"Peraturan Menteri Koperasi dan UKM Nomor 06/PER/M.KUKM/XI/2010 Tahun 2010,""PERATURAN MENTERI",PERATURAN MENTERI,06/PER/M.KUKM/XI/2010,2010,Berlaku,
D0556,"Peraturan Menteri Negara Perumahan Rakyat Nomor 6 Tahun 2010,""PERATURAN MENTERI",PERATURAN MENTERI,6,2010,Berlaku,
D0557,"Peraturan Menteri Negara Perumahan Rakyat Nomor 8 Tahun 2010,""PERATURAN MENTERI",PERATURAN MENTERI,8,2010,Berlaku,
D0558,"Peraturan Menteri Pertahanan Nomor 29 Tahun 2010,""PERATURAN MENTERI",PERATURAN MENTERI,29,2010,Berlaku,
D0559,"Peraturan Menteri Pertahanan Nomor 30 Tahun 2010,""PERATURAN MENTERI",PERATURAN MENTERI,30,2010,Dicabut,Peraturan Menteri Pertahanan Nomor 24 Tahun 2019
D0560,"Peraturan Menteri Pendidikan Nasional Nomor 39 Tahun 2010,""PERATURAN MENTERI",PERATURAN MENTERI,39,2010,Berlaku,
D0561,"Peraturan Menteri Pertahanan Nomor 18 Tahun 2010,""PERATURAN MENTERI",PERATURAN MENTERI,18,2010,Berlaku,
D0562,"Peraturan Menteri Energi Dan Sumber Daya Mineral Nomor 18 Tahun 2010,""PERATURAN MENTERI",PERATURAN MENTERI,18,2010,Dicabut,Peraturan Menteri Energi Dan Sumber Daya Mineral Nomor 13 Tahun 2016
D0563,"Peraturan Badan Nasional Penanggulangan Bencana Nomor 26 Tahun 2010,""PERATURAN BADAN/LEMBAGA",PERATURAN BADAN/LEMBAGA,26,2010,Dicabut,Peraturan Badan Nasional Penanggulangan Bencana Nomor 1 Tahun 2021
D0564,"Peraturan Daerah Kota Banjarmasin Nomor 5 Tahun 2010,""PERATURAN DAERAH",PERATURAN DAERAH,5,2010,Berlaku,
D0565,"Peraturan Daerah Provinsi Sulawesi Selatan Nomor 3 Tahun 2010,""PERATURAN DAERAH",PERATURAN DAERAH,3,2010,Berlaku,
D0566,"Peraturan Menteri Energi Dan Sumber Daya Mineral Nomor 3 Tahun 2009,""PERATURAN MENTERI",PERATURAN MENTERI,3,2009,Unknown,
D0567,"Peraturan Menteri Energi Dan Sumber Daya Mineral Nomor 10 Tahun 2009,""PERATURAN MENTERI",PERATURAN MENTERI,10,2009,Unknown,
D0568,"Peraturan Arsip Nasional Nomor 6 Tahun 2009,""PERATURAN BADAN/LEMBAGA",PERATURAN BADAN/LEMBAGA,6,2009,Berlaku,
D0569,"Peraturan Daerah Provinsi Bangka Belitung Nomor 6 Tahun 2009,""PERATURAN DAERAH",PERATURAN DAERAH,6,2009,Berlaku,
D0570,"Peraturan Daerah Provinsi Bangka Belitung Nomor 6 Tahun 2009,""PERATURAN DAERAH",PERATURAN DAERAH,6,2009,Berlaku,
D0571,"Peraturan Daerah Provinsi Kalimantan Timur Nomor 17 Tahun 2008,""PERATURAN DAERAH",PERATURAN DAERAH,17,2008,Berlaku,
D0572,"Peraturan Kepolisian Negara Republik Indonesia Nomor 17 Tahun 2007,""PERATURAN BADAN/LEMBAGA",PERATURAN BADAN/LEMBAGA,17,2007,Berlaku,
D0573,"Peraturan Daerah Provinsi DKI Jakarta Nomor 1 Tahun 2007,""PERATURAN DAERAH",PERATURAN DAERAH,1,2007,Berlaku,
D0574,"Peraturan Daerah Kabupaten Purwakarta Nomor 22 Tahun 2007,""PERATURAN DAERAH",PERATURAN DAERAH,22,2007,Berlaku,
D0575,"Peraturan Daerah Provinsi DKI Jakarta Nomor 1 Tahun 2007,""PERATURAN DAERAH",PERATURAN DAERAH,1,2007,Berlaku,
D0576,"Peraturan Presiden Nomor 46 Tahun 2007,""PERATURAN PRESIDEN",PERATURAN PRESIDEN,46,2007,Berlaku,
D0577,"Peraturan Menteri Energi Dan Sumber Daya Mineral Nomor 52 Tahun 2006,""PERATURAN MENTERI",PERATURAN MENTERI,52,2006,Dicabut,Peraturan Menteri Energi Dan Sumber Daya Mineral Nomor 2 Tahun 2020
D0578,"Peraturan Arsip Nasional Nomor 3 Tahun 2006,""PERATURAN BADAN/LEMBAGA",PERATURAN BADAN/LEMBAGA,3,2006,Berlaku,
D0579,"Peraturan Daerah Kabupaten Gresik Nomor 7 Tahun 2006,""PERATURAN DAERAH",PERATURAN DAERAH,7,2006,Berlaku,
D0580,"Peraturan Daerah Kabupaten Musi Rawas Nomor 15 Tahun 2006,""PERATURAN DAERAH",PERATURAN DAERAH,15,2006,Berlaku,
D0581,"Peraturan Presiden Nomor 40 Tahun 2006,""PERATURAN PRESIDEN",PERATURAN PRESIDEN,40,2006,Berlaku,
D0582,"Peraturan Daerah Provinsi Jawa Tengah Nomor 4 Tahun 2005,""PERATURAN DAERAH",PERATURAN DAERAH,4,2005,Berlaku,
D0583,"Peraturan Daerah Kota Cilegon Nomor 12 Tahun 2005,""PERATURAN DAERAH",PERATURAN DAERAH,12,2005,Berlaku,
D0584,"Peraturan Daerah Kabupaten Aceh Utara Nomor 24 Tahun 2005,""PERATURAN DAERAH",PERATURAN DAERAH,24,2005,Berlaku,
D0585,"Peraturan Daerah Kabupaten Tanah Bumbu Nomor 24 Tahun 2005,""PERATURAN DAERAH",PERATURAN DAERAH,24,2005,Berlaku,
D0586,"Peraturan Daerah Kabupaten Purbalingga Nomor 32 Tahun 2005,""PERATURAN DAERAH",PERATURAN DAERAH,32,2005,Berlaku,
D0587,"Peraturan Presiden Nomor 24 Tahun 2005,""PERATURAN PRESIDEN",PERATURAN PRESIDEN,24,2005,Berlaku,
D0588,"Peraturan Pemerintah Nomor 42 Tahun 2005,""PERATURAN PEMERINTAH",PERATURAN PEMERINTAH,42,2005,Berlaku,
D0589,"Keputusan Presiden Nomor 105 Tahun 2004,""KEPUTUSAN PRESIDEN",KEPUTUSAN PRESIDEN,105,2004,Berlaku,
D0590,"Peraturan Daerah Kabupaten Banyumas Nomor 9 Tahun 2004,""PERATURAN DAERAH",PERATURAN DAERAH,9,2004,Berlaku,
D0591,"Peraturan Daerah Kabupaten Magelang Nomor 20 Tahun 2004,""PERATURAN DAERAH",PERATURAN DAERAH,20,2004,Berlaku,
D0592,"Peraturan Daerah Kota Madiun Nomor 31 Tahun 2004,""PERATURAN DAERAH",PERATURAN DAERAH,31,2004,Berlaku,
D0593,"Peraturan Daerah Kabupaten Tanggamus Nomor 5 Tahun 2003,""PERATURAN DAERAH",PERATURAN DAERAH,5,2003,Berlaku,
D0594,"Peraturan Daerah Kabupaten Jayapura Nomor 16 Tahun 2003,""PERATURAN DAERAH",PERATURAN DAERAH,16,2003,Berlaku,
D0595,"Peraturan Daerah Provinsi Banten Nomor 47 Tahun 2002,""PERATURAN DAERAH",PERATURAN DAERAH,47,2002,Berlaku,
D0596,"Keputusan Presiden Nomor 115 Tahun 2001,""KEPUTUSAN PRESIDEN",KEPUTUSAN PRESIDEN,115,2001,Berlaku,
D0597,"Peraturan Daerah Provinsi Jawa Tengah Nomor 8 Tahun 2001,""PERATURAN DAERAH",PERATURAN DAERAH,8,2001,Berlaku,
D0598,"Peraturan Daerah Provinsi Nanggroe Aceh Darussalam Nomor 38 Tahun 2001,""PERATURAN DAERAH",PERATURAN DAERAH,38,2001,Berlaku,
D0599,"Peraturan Daerah Provinsi Nanggroe Aceh Darussalam Nomor 38 Tahun 2001,""PERATURAN DAERAH",PERATURAN DAERAH,38,2001,Berlaku,
D0600,"Keputusan Presiden Nomor 25 Tahun 2000,""KEPUTUSAN PRESIDEN",KEPUTUSAN PRESIDEN,25,2000,Berlaku,
D0601,"Peraturan Daerah Provinsi Jawa Barat Nomor 6 Tahun 2000,""PERATURAN DAERAH",PERATURAN DAERAH,6,2000,Berlaku,
D0602,"Peraturan Daerah Kabupaten Bantul Nomor 36 Tahun 2000,""PERATURAN DAERAH",PERATURAN DAERAH,36,2000,Berlaku,
D0603,"Peraturan Daerah Provinsi Lampung Nomor 2 Tahun 1996,""PERATURAN DAERAH",PERATURAN DAERAH,2,1996,Berlaku,
D0604,"Keputusan Presiden Nomor 34 Tahun 1995,""KEPUTUSAN PRESIDEN",KEPUTUSAN PRESIDEN,34,1995,Berlaku,
D0605,"Peraturan Daerah Provinsi DI Yogyakarta Nomor 7 Tahun 1994,""PERATURAN DAERAH",PERATURAN DAERAH,7,1994,Berlaku,
D0606,"Peraturan Daerah Provinsi DI Yogyakarta Nomor 8 Tahun 1994,""PERATURAN DAERAH",PERATURAN DAERAH,8,1994,Berlaku,
D0607,"Keputusan Presiden Nomor 92 Tahun 1993,""KEPUTUSAN PRESIDEN",KEPUTUSAN PRESIDEN,92,1993,Berlaku,
D0608,"Peraturan Daerah Provinsi Nusa Tenggara Timur Nomor 1 Tahun 1993,""PERATURAN DAERAH",PERATURAN DAERAH,1,1993,Berlaku,
D0609,"Peraturan Daerah Provinsi Nanggroe Aceh Darussalam Nomor 5 Tahun 1990,""PERATURAN DAERAH",PERATURAN DAERAH,5,1990,Berlaku,
D0610,"Peraturan Pemerintah Nomor 34 Tahun 1979,""PERATURAN PEMERINTAH",PERATURAN PEMERINTAH,34,1979,Dicabut,Peraturan Pemerintah Nomor 28 Tahun 2012
D0611,"Keputusan Presiden Nomor 26 Tahun 1974,""KEPUTUSAN PRESIDEN",KEPUTUSAN PRESIDEN,26,1974,Berlaku,
D0612,"Undang-Undang Nomor 7 Tahun 1971,""UNDANG-UNDANG",UNDANG-UNDANG,7,1971,Dicabut,Undang-Undang Nomor 43 Tahun 2009
D0613,"Peraturan Presiden Nomor 19 Tahun 1961,""PERATURAN PRESIDEN",PERATURAN PRESIDEN,19,1961,Berlaku,
